Sample	Phylum	Host	Compartment	Seq_count
S-1-DICUND-B	Acidobacteriota	D_undulatum	Brown	11139
S-3-DICUND-B	Acidobacteriota	D_undulatum	Brown	8091
S-4-DICUND-B	Acidobacteriota	D_undulatum	Brown	7799
S-5-DICUND-B	Acidobacteriota	D_undulatum	Brown	16498
S-6-DICUND-B	Acidobacteriota	D_undulatum	Brown	29433
S-7-DICUND-B	Acidobacteriota	D_undulatum	Brown	18173
S-8-DICUND-B	Acidobacteriota	D_undulatum	Brown	75055
S-9-DICUND-B	Acidobacteriota	D_undulatum	Brown	84297
S-1-DICUND-B	Actinobacteriota	D_undulatum	Brown	10903
S-3-DICUND-B	Actinobacteriota	D_undulatum	Brown	8429
S-4-DICUND-B	Actinobacteriota	D_undulatum	Brown	3455
S-5-DICUND-B	Actinobacteriota	D_undulatum	Brown	25193
S-6-DICUND-B	Actinobacteriota	D_undulatum	Brown	10006
S-7-DICUND-B	Actinobacteriota	D_undulatum	Brown	15982
S-8-DICUND-B	Actinobacteriota	D_undulatum	Brown	6307
S-9-DICUND-B	Actinobacteriota	D_undulatum	Brown	7368
S-1-DICUND-B	Actinomycetota	D_undulatum	Brown	3788
S-3-DICUND-B	Actinomycetota	D_undulatum	Brown	15731
S-4-DICUND-B	Actinomycetota	D_undulatum	Brown	9816
S-5-DICUND-B	Actinomycetota	D_undulatum	Brown	11294
S-6-DICUND-B	Actinomycetota	D_undulatum	Brown	29400
S-7-DICUND-B	Actinomycetota	D_undulatum	Brown	4937
S-8-DICUND-B	Actinomycetota	D_undulatum	Brown	52918
S-9-DICUND-B	Actinomycetota	D_undulatum	Brown	48048
S-1-DICUND-B	Bacteroidota	D_undulatum	Brown	276
S-3-DICUND-B	Bacteroidota	D_undulatum	Brown	0
S-4-DICUND-B	Bacteroidota	D_undulatum	Brown	112
S-5-DICUND-B	Bacteroidota	D_undulatum	Brown	101
S-6-DICUND-B	Bacteroidota	D_undulatum	Brown	461
S-7-DICUND-B	Bacteroidota	D_undulatum	Brown	250
S-8-DICUND-B	Bacteroidota	D_undulatum	Brown	744
S-9-DICUND-B	Bacteroidota	D_undulatum	Brown	399
S-1-DICUND-B	Cyanobacteria	D_undulatum	Brown	491
S-3-DICUND-B	Cyanobacteria	D_undulatum	Brown	102
S-4-DICUND-B	Cyanobacteria	D_undulatum	Brown	398
S-5-DICUND-B	Cyanobacteria	D_undulatum	Brown	949
S-6-DICUND-B	Cyanobacteria	D_undulatum	Brown	300
S-7-DICUND-B	Cyanobacteria	D_undulatum	Brown	17175
S-8-DICUND-B	Cyanobacteria	D_undulatum	Brown	144
S-9-DICUND-B	Cyanobacteria	D_undulatum	Brown	153
S-1-DICUND-B	Eremiobacterota	D_undulatum	Brown	1153
S-3-DICUND-B	Eremiobacterota	D_undulatum	Brown	1117
S-4-DICUND-B	Eremiobacterota	D_undulatum	Brown	462
S-5-DICUND-B	Eremiobacterota	D_undulatum	Brown	1880
S-6-DICUND-B	Eremiobacterota	D_undulatum	Brown	1906
S-7-DICUND-B	Eremiobacterota	D_undulatum	Brown	942
S-8-DICUND-B	Eremiobacterota	D_undulatum	Brown	466
S-9-DICUND-B	Eremiobacterota	D_undulatum	Brown	828
S-1-DICUND-B	Others	D_undulatum	Brown	449
S-3-DICUND-B	Others	D_undulatum	Brown	431
S-4-DICUND-B	Others	D_undulatum	Brown	0
S-5-DICUND-B	Others	D_undulatum	Brown	94
S-6-DICUND-B	Others	D_undulatum	Brown	385
S-7-DICUND-B	Others	D_undulatum	Brown	4237
S-8-DICUND-B	Others	D_undulatum	Brown	812
S-9-DICUND-B	Others	D_undulatum	Brown	359
S-1-DICUND-B	Proteobacteria	D_undulatum	Brown	11607
S-3-DICUND-B	Proteobacteria	D_undulatum	Brown	3993
S-4-DICUND-B	Proteobacteria	D_undulatum	Brown	12478
S-5-DICUND-B	Proteobacteria	D_undulatum	Brown	20522
S-6-DICUND-B	Proteobacteria	D_undulatum	Brown	11780
S-7-DICUND-B	Proteobacteria	D_undulatum	Brown	6943
S-8-DICUND-B	Proteobacteria	D_undulatum	Brown	8017
S-9-DICUND-B	Proteobacteria	D_undulatum	Brown	2697
S-1-DICUND-B	Pseudomonadota	D_undulatum	Brown	7983
S-3-DICUND-B	Pseudomonadota	D_undulatum	Brown	15795
S-4-DICUND-B	Pseudomonadota	D_undulatum	Brown	4360
S-5-DICUND-B	Pseudomonadota	D_undulatum	Brown	7052
S-6-DICUND-B	Pseudomonadota	D_undulatum	Brown	8257
S-7-DICUND-B	Pseudomonadota	D_undulatum	Brown	7286
S-8-DICUND-B	Pseudomonadota	D_undulatum	Brown	6747
S-9-DICUND-B	Pseudomonadota	D_undulatum	Brown	4882
S-1-POLCOM-B	Acidobacteriota	P_commune	Brown	44916
S-2-POLCOM-B	Acidobacteriota	P_commune	Brown	23384
S-3-POLCOM-B	Acidobacteriota	P_commune	Brown	23944
S-4-POLCOM-B	Acidobacteriota	P_commune	Brown	33080
S-5-POLCOM-B	Acidobacteriota	P_commune	Brown	15691
S-6-POLCOM-B	Acidobacteriota	P_commune	Brown	58108
S-7-POLCOM-B	Acidobacteriota	P_commune	Brown	25294
S-8-POLCOM-B	Acidobacteriota	P_commune	Brown	42171
S-9-POLCOM-B	Acidobacteriota	P_commune	Brown	56575
S-1-POLCOM-B	Actinobacteriota	P_commune	Brown	20665
S-2-POLCOM-B	Actinobacteriota	P_commune	Brown	20334
S-3-POLCOM-B	Actinobacteriota	P_commune	Brown	10667
S-4-POLCOM-B	Actinobacteriota	P_commune	Brown	24409
S-5-POLCOM-B	Actinobacteriota	P_commune	Brown	9303
S-6-POLCOM-B	Actinobacteriota	P_commune	Brown	20966
S-7-POLCOM-B	Actinobacteriota	P_commune	Brown	23001
S-8-POLCOM-B	Actinobacteriota	P_commune	Brown	45286
S-9-POLCOM-B	Actinobacteriota	P_commune	Brown	38773
S-1-POLCOM-B	Actinomycetota	P_commune	Brown	1563
S-2-POLCOM-B	Actinomycetota	P_commune	Brown	2183
S-3-POLCOM-B	Actinomycetota	P_commune	Brown	4584
S-4-POLCOM-B	Actinomycetota	P_commune	Brown	4484
S-5-POLCOM-B	Actinomycetota	P_commune	Brown	1643
S-6-POLCOM-B	Actinomycetota	P_commune	Brown	2709
S-7-POLCOM-B	Actinomycetota	P_commune	Brown	4364
S-8-POLCOM-B	Actinomycetota	P_commune	Brown	4533
S-9-POLCOM-B	Actinomycetota	P_commune	Brown	3110
S-1-POLCOM-B	Bacteroidota	P_commune	Brown	3117
S-2-POLCOM-B	Bacteroidota	P_commune	Brown	7533
S-3-POLCOM-B	Bacteroidota	P_commune	Brown	4326
S-4-POLCOM-B	Bacteroidota	P_commune	Brown	26291
S-5-POLCOM-B	Bacteroidota	P_commune	Brown	12346
S-6-POLCOM-B	Bacteroidota	P_commune	Brown	5089
S-7-POLCOM-B	Bacteroidota	P_commune	Brown	7332
S-8-POLCOM-B	Bacteroidota	P_commune	Brown	6582
S-9-POLCOM-B	Bacteroidota	P_commune	Brown	5786
S-1-POLCOM-B	Cyanobacteria	P_commune	Brown	213
S-2-POLCOM-B	Cyanobacteria	P_commune	Brown	7015
S-3-POLCOM-B	Cyanobacteria	P_commune	Brown	65
S-4-POLCOM-B	Cyanobacteria	P_commune	Brown	902
S-5-POLCOM-B	Cyanobacteria	P_commune	Brown	1775
S-6-POLCOM-B	Cyanobacteria	P_commune	Brown	1407
S-7-POLCOM-B	Cyanobacteria	P_commune	Brown	0
S-8-POLCOM-B	Cyanobacteria	P_commune	Brown	6629
S-9-POLCOM-B	Cyanobacteria	P_commune	Brown	3309
S-1-POLCOM-B	Eremiobacterota	P_commune	Brown	43966
S-2-POLCOM-B	Eremiobacterota	P_commune	Brown	21767
S-3-POLCOM-B	Eremiobacterota	P_commune	Brown	36040
S-4-POLCOM-B	Eremiobacterota	P_commune	Brown	12609
S-5-POLCOM-B	Eremiobacterota	P_commune	Brown	9739
S-6-POLCOM-B	Eremiobacterota	P_commune	Brown	26802
S-7-POLCOM-B	Eremiobacterota	P_commune	Brown	17693
S-8-POLCOM-B	Eremiobacterota	P_commune	Brown	34072
S-9-POLCOM-B	Eremiobacterota	P_commune	Brown	44879
S-1-POLCOM-B	Others	P_commune	Brown	4059
S-2-POLCOM-B	Others	P_commune	Brown	4048
S-3-POLCOM-B	Others	P_commune	Brown	7494
S-4-POLCOM-B	Others	P_commune	Brown	21030
S-5-POLCOM-B	Others	P_commune	Brown	10027
S-6-POLCOM-B	Others	P_commune	Brown	6318
S-7-POLCOM-B	Others	P_commune	Brown	3847
S-8-POLCOM-B	Others	P_commune	Brown	13526
S-9-POLCOM-B	Others	P_commune	Brown	7693
S-1-POLCOM-B	Proteobacteria	P_commune	Brown	64098
S-2-POLCOM-B	Proteobacteria	P_commune	Brown	34043
S-3-POLCOM-B	Proteobacteria	P_commune	Brown	33608
S-4-POLCOM-B	Proteobacteria	P_commune	Brown	31136
S-5-POLCOM-B	Proteobacteria	P_commune	Brown	28827
S-6-POLCOM-B	Proteobacteria	P_commune	Brown	65914
S-7-POLCOM-B	Proteobacteria	P_commune	Brown	43909
S-8-POLCOM-B	Proteobacteria	P_commune	Brown	53033
S-9-POLCOM-B	Proteobacteria	P_commune	Brown	92108
S-1-POLCOM-B	Pseudomonadota	P_commune	Brown	16737
S-2-POLCOM-B	Pseudomonadota	P_commune	Brown	21290
S-3-POLCOM-B	Pseudomonadota	P_commune	Brown	34142
S-4-POLCOM-B	Pseudomonadota	P_commune	Brown	49609
S-5-POLCOM-B	Pseudomonadota	P_commune	Brown	32232
S-6-POLCOM-B	Pseudomonadota	P_commune	Brown	23154
S-7-POLCOM-B	Pseudomonadota	P_commune	Brown	30385
S-8-POLCOM-B	Pseudomonadota	P_commune	Brown	27232
S-9-POLCOM-B	Pseudomonadota	P_commune	Brown	25185
S-1-POLJUN-B	Acidobacteriota	P_juniperinum	Brown	23647
S-10-POLJUN-B	Acidobacteriota	P_juniperinum	Brown	21840
S-11-POLJUN-B	Acidobacteriota	P_juniperinum	Brown	24169
S-12-POLJUN-B	Acidobacteriota	P_juniperinum	Brown	19046
S-13-POLJUN-B	Acidobacteriota	P_juniperinum	Brown	39412
S-14-POLJUN-B	Acidobacteriota	P_juniperinum	Brown	28893
S-15-POLJUN-B	Acidobacteriota	P_juniperinum	Brown	29252
S-16-POLJUN-B	Acidobacteriota	P_juniperinum	Brown	22609
S-17-POLJUN-B	Acidobacteriota	P_juniperinum	Brown	26450
S-18-POLJUN-B	Acidobacteriota	P_juniperinum	Brown	51624
S-19-POLJUN-B	Acidobacteriota	P_juniperinum	Brown	25485
S-2-POLJUN-B	Acidobacteriota	P_juniperinum	Brown	21330
S-20-POLJUN-B	Acidobacteriota	P_juniperinum	Brown	30004
S-21-POLJUN-B	Acidobacteriota	P_juniperinum	Brown	20790
S-22-POLJUN-B	Acidobacteriota	P_juniperinum	Brown	72213
S-23-POLJUN-B	Acidobacteriota	P_juniperinum	Brown	79571
S-24-POLJUN-B	Acidobacteriota	P_juniperinum	Brown	51313
S-25-POLJUN-B	Acidobacteriota	P_juniperinum	Brown	17067
S-26-POLJUN-B	Acidobacteriota	P_juniperinum	Brown	25091
S-27-POLJUN-B	Acidobacteriota	P_juniperinum	Brown	25212
S-3-POLJUN-B	Acidobacteriota	P_juniperinum	Brown	14564
S-7-POLJUN-B	Acidobacteriota	P_juniperinum	Brown	58649
S-8-POLJUN-B	Acidobacteriota	P_juniperinum	Brown	88852
S-9-POLJUN-B	Acidobacteriota	P_juniperinum	Brown	57415
S-1-POLJUN-B	Actinobacteriota	P_juniperinum	Brown	41888
S-10-POLJUN-B	Actinobacteriota	P_juniperinum	Brown	15237
S-11-POLJUN-B	Actinobacteriota	P_juniperinum	Brown	14255
S-12-POLJUN-B	Actinobacteriota	P_juniperinum	Brown	18782
S-13-POLJUN-B	Actinobacteriota	P_juniperinum	Brown	20181
S-14-POLJUN-B	Actinobacteriota	P_juniperinum	Brown	16067
S-15-POLJUN-B	Actinobacteriota	P_juniperinum	Brown	23443
S-16-POLJUN-B	Actinobacteriota	P_juniperinum	Brown	13631
S-17-POLJUN-B	Actinobacteriota	P_juniperinum	Brown	17112
S-18-POLJUN-B	Actinobacteriota	P_juniperinum	Brown	12879
S-19-POLJUN-B	Actinobacteriota	P_juniperinum	Brown	20277
S-2-POLJUN-B	Actinobacteriota	P_juniperinum	Brown	38757
S-20-POLJUN-B	Actinobacteriota	P_juniperinum	Brown	26054
S-21-POLJUN-B	Actinobacteriota	P_juniperinum	Brown	26490
S-22-POLJUN-B	Actinobacteriota	P_juniperinum	Brown	14530
S-23-POLJUN-B	Actinobacteriota	P_juniperinum	Brown	14249
S-24-POLJUN-B	Actinobacteriota	P_juniperinum	Brown	14241
S-25-POLJUN-B	Actinobacteriota	P_juniperinum	Brown	28456
S-26-POLJUN-B	Actinobacteriota	P_juniperinum	Brown	24482
S-27-POLJUN-B	Actinobacteriota	P_juniperinum	Brown	21217
S-3-POLJUN-B	Actinobacteriota	P_juniperinum	Brown	32936
S-7-POLJUN-B	Actinobacteriota	P_juniperinum	Brown	27664
S-8-POLJUN-B	Actinobacteriota	P_juniperinum	Brown	19630
S-9-POLJUN-B	Actinobacteriota	P_juniperinum	Brown	24142
S-1-POLJUN-B	Actinomycetota	P_juniperinum	Brown	4110
S-10-POLJUN-B	Actinomycetota	P_juniperinum	Brown	2037
S-11-POLJUN-B	Actinomycetota	P_juniperinum	Brown	2090
S-12-POLJUN-B	Actinomycetota	P_juniperinum	Brown	1907
S-13-POLJUN-B	Actinomycetota	P_juniperinum	Brown	1390
S-14-POLJUN-B	Actinomycetota	P_juniperinum	Brown	3207
S-15-POLJUN-B	Actinomycetota	P_juniperinum	Brown	1029
S-16-POLJUN-B	Actinomycetota	P_juniperinum	Brown	2464
S-17-POLJUN-B	Actinomycetota	P_juniperinum	Brown	3178
S-18-POLJUN-B	Actinomycetota	P_juniperinum	Brown	1823
S-19-POLJUN-B	Actinomycetota	P_juniperinum	Brown	4897
S-2-POLJUN-B	Actinomycetota	P_juniperinum	Brown	3423
S-20-POLJUN-B	Actinomycetota	P_juniperinum	Brown	2916
S-21-POLJUN-B	Actinomycetota	P_juniperinum	Brown	3527
S-22-POLJUN-B	Actinomycetota	P_juniperinum	Brown	1501
S-23-POLJUN-B	Actinomycetota	P_juniperinum	Brown	823
S-24-POLJUN-B	Actinomycetota	P_juniperinum	Brown	645
S-25-POLJUN-B	Actinomycetota	P_juniperinum	Brown	3977
S-26-POLJUN-B	Actinomycetota	P_juniperinum	Brown	1895
S-27-POLJUN-B	Actinomycetota	P_juniperinum	Brown	2773
S-3-POLJUN-B	Actinomycetota	P_juniperinum	Brown	4453
S-7-POLJUN-B	Actinomycetota	P_juniperinum	Brown	2555
S-8-POLJUN-B	Actinomycetota	P_juniperinum	Brown	3416
S-9-POLJUN-B	Actinomycetota	P_juniperinum	Brown	3837
S-1-POLJUN-B	Bacteroidota	P_juniperinum	Brown	7396
S-10-POLJUN-B	Bacteroidota	P_juniperinum	Brown	11775
S-11-POLJUN-B	Bacteroidota	P_juniperinum	Brown	6725
S-12-POLJUN-B	Bacteroidota	P_juniperinum	Brown	16216
S-13-POLJUN-B	Bacteroidota	P_juniperinum	Brown	2006
S-14-POLJUN-B	Bacteroidota	P_juniperinum	Brown	1477
S-15-POLJUN-B	Bacteroidota	P_juniperinum	Brown	3292
S-16-POLJUN-B	Bacteroidota	P_juniperinum	Brown	6013
S-17-POLJUN-B	Bacteroidota	P_juniperinum	Brown	3228
S-18-POLJUN-B	Bacteroidota	P_juniperinum	Brown	2728
S-19-POLJUN-B	Bacteroidota	P_juniperinum	Brown	27866
S-2-POLJUN-B	Bacteroidota	P_juniperinum	Brown	6971
S-20-POLJUN-B	Bacteroidota	P_juniperinum	Brown	7450
S-21-POLJUN-B	Bacteroidota	P_juniperinum	Brown	19041
S-22-POLJUN-B	Bacteroidota	P_juniperinum	Brown	1654
S-23-POLJUN-B	Bacteroidota	P_juniperinum	Brown	6278
S-24-POLJUN-B	Bacteroidota	P_juniperinum	Brown	1675
S-25-POLJUN-B	Bacteroidota	P_juniperinum	Brown	10511
S-26-POLJUN-B	Bacteroidota	P_juniperinum	Brown	11118
S-27-POLJUN-B	Bacteroidota	P_juniperinum	Brown	9980
S-3-POLJUN-B	Bacteroidota	P_juniperinum	Brown	6181
S-7-POLJUN-B	Bacteroidota	P_juniperinum	Brown	3172
S-8-POLJUN-B	Bacteroidota	P_juniperinum	Brown	4470
S-9-POLJUN-B	Bacteroidota	P_juniperinum	Brown	4136
S-1-POLJUN-B	Cyanobacteria	P_juniperinum	Brown	3354
S-10-POLJUN-B	Cyanobacteria	P_juniperinum	Brown	47926
S-11-POLJUN-B	Cyanobacteria	P_juniperinum	Brown	43071
S-12-POLJUN-B	Cyanobacteria	P_juniperinum	Brown	72159
S-13-POLJUN-B	Cyanobacteria	P_juniperinum	Brown	39738
S-14-POLJUN-B	Cyanobacteria	P_juniperinum	Brown	30663
S-15-POLJUN-B	Cyanobacteria	P_juniperinum	Brown	14422
S-16-POLJUN-B	Cyanobacteria	P_juniperinum	Brown	24376
S-17-POLJUN-B	Cyanobacteria	P_juniperinum	Brown	17318
S-18-POLJUN-B	Cyanobacteria	P_juniperinum	Brown	5760
S-19-POLJUN-B	Cyanobacteria	P_juniperinum	Brown	77054
S-2-POLJUN-B	Cyanobacteria	P_juniperinum	Brown	1773
S-20-POLJUN-B	Cyanobacteria	P_juniperinum	Brown	38454
S-21-POLJUN-B	Cyanobacteria	P_juniperinum	Brown	119277
S-22-POLJUN-B	Cyanobacteria	P_juniperinum	Brown	65494
S-23-POLJUN-B	Cyanobacteria	P_juniperinum	Brown	92579
S-24-POLJUN-B	Cyanobacteria	P_juniperinum	Brown	87961
S-25-POLJUN-B	Cyanobacteria	P_juniperinum	Brown	174839
S-26-POLJUN-B	Cyanobacteria	P_juniperinum	Brown	108484
S-27-POLJUN-B	Cyanobacteria	P_juniperinum	Brown	161412
S-3-POLJUN-B	Cyanobacteria	P_juniperinum	Brown	1389
S-7-POLJUN-B	Cyanobacteria	P_juniperinum	Brown	6607
S-8-POLJUN-B	Cyanobacteria	P_juniperinum	Brown	21227
S-9-POLJUN-B	Cyanobacteria	P_juniperinum	Brown	9435
S-1-POLJUN-B	Eremiobacterota	P_juniperinum	Brown	1678
S-10-POLJUN-B	Eremiobacterota	P_juniperinum	Brown	21506
S-11-POLJUN-B	Eremiobacterota	P_juniperinum	Brown	12797
S-12-POLJUN-B	Eremiobacterota	P_juniperinum	Brown	11425
S-13-POLJUN-B	Eremiobacterota	P_juniperinum	Brown	7971
S-14-POLJUN-B	Eremiobacterota	P_juniperinum	Brown	8546
S-15-POLJUN-B	Eremiobacterota	P_juniperinum	Brown	7901
S-16-POLJUN-B	Eremiobacterota	P_juniperinum	Brown	4384
S-17-POLJUN-B	Eremiobacterota	P_juniperinum	Brown	4151
S-18-POLJUN-B	Eremiobacterota	P_juniperinum	Brown	439
S-19-POLJUN-B	Eremiobacterota	P_juniperinum	Brown	1837
S-2-POLJUN-B	Eremiobacterota	P_juniperinum	Brown	3703
S-20-POLJUN-B	Eremiobacterota	P_juniperinum	Brown	648
S-21-POLJUN-B	Eremiobacterota	P_juniperinum	Brown	1493
S-22-POLJUN-B	Eremiobacterota	P_juniperinum	Brown	6548
S-23-POLJUN-B	Eremiobacterota	P_juniperinum	Brown	28318
S-24-POLJUN-B	Eremiobacterota	P_juniperinum	Brown	15626
S-25-POLJUN-B	Eremiobacterota	P_juniperinum	Brown	552
S-26-POLJUN-B	Eremiobacterota	P_juniperinum	Brown	494
S-27-POLJUN-B	Eremiobacterota	P_juniperinum	Brown	629
S-3-POLJUN-B	Eremiobacterota	P_juniperinum	Brown	1290
S-7-POLJUN-B	Eremiobacterota	P_juniperinum	Brown	93
S-8-POLJUN-B	Eremiobacterota	P_juniperinum	Brown	112
S-9-POLJUN-B	Eremiobacterota	P_juniperinum	Brown	71
S-1-POLJUN-B	Others	P_juniperinum	Brown	1335
S-10-POLJUN-B	Others	P_juniperinum	Brown	19620
S-11-POLJUN-B	Others	P_juniperinum	Brown	14436
S-12-POLJUN-B	Others	P_juniperinum	Brown	24890
S-13-POLJUN-B	Others	P_juniperinum	Brown	12816
S-14-POLJUN-B	Others	P_juniperinum	Brown	6904
S-15-POLJUN-B	Others	P_juniperinum	Brown	6631
S-16-POLJUN-B	Others	P_juniperinum	Brown	26281
S-17-POLJUN-B	Others	P_juniperinum	Brown	12318
S-18-POLJUN-B	Others	P_juniperinum	Brown	5712
S-19-POLJUN-B	Others	P_juniperinum	Brown	17625
S-2-POLJUN-B	Others	P_juniperinum	Brown	1869
S-20-POLJUN-B	Others	P_juniperinum	Brown	16658
S-21-POLJUN-B	Others	P_juniperinum	Brown	26899
S-22-POLJUN-B	Others	P_juniperinum	Brown	74828
S-23-POLJUN-B	Others	P_juniperinum	Brown	72120
S-24-POLJUN-B	Others	P_juniperinum	Brown	53343
S-25-POLJUN-B	Others	P_juniperinum	Brown	15603
S-26-POLJUN-B	Others	P_juniperinum	Brown	24123
S-27-POLJUN-B	Others	P_juniperinum	Brown	20560
S-3-POLJUN-B	Others	P_juniperinum	Brown	868
S-7-POLJUN-B	Others	P_juniperinum	Brown	1604
S-8-POLJUN-B	Others	P_juniperinum	Brown	3759
S-9-POLJUN-B	Others	P_juniperinum	Brown	4704
S-1-POLJUN-B	Proteobacteria	P_juniperinum	Brown	74572
S-10-POLJUN-B	Proteobacteria	P_juniperinum	Brown	34698
S-11-POLJUN-B	Proteobacteria	P_juniperinum	Brown	22594
S-12-POLJUN-B	Proteobacteria	P_juniperinum	Brown	25321
S-13-POLJUN-B	Proteobacteria	P_juniperinum	Brown	31798
S-14-POLJUN-B	Proteobacteria	P_juniperinum	Brown	21000
S-15-POLJUN-B	Proteobacteria	P_juniperinum	Brown	26786
S-16-POLJUN-B	Proteobacteria	P_juniperinum	Brown	18215
S-17-POLJUN-B	Proteobacteria	P_juniperinum	Brown	17465
S-18-POLJUN-B	Proteobacteria	P_juniperinum	Brown	15340
S-19-POLJUN-B	Proteobacteria	P_juniperinum	Brown	39644
S-2-POLJUN-B	Proteobacteria	P_juniperinum	Brown	53131
S-20-POLJUN-B	Proteobacteria	P_juniperinum	Brown	42638
S-21-POLJUN-B	Proteobacteria	P_juniperinum	Brown	30843
S-22-POLJUN-B	Proteobacteria	P_juniperinum	Brown	46003
S-23-POLJUN-B	Proteobacteria	P_juniperinum	Brown	53473
S-24-POLJUN-B	Proteobacteria	P_juniperinum	Brown	40553
S-25-POLJUN-B	Proteobacteria	P_juniperinum	Brown	32470
S-26-POLJUN-B	Proteobacteria	P_juniperinum	Brown	39844
S-27-POLJUN-B	Proteobacteria	P_juniperinum	Brown	39309
S-3-POLJUN-B	Proteobacteria	P_juniperinum	Brown	31199
S-7-POLJUN-B	Proteobacteria	P_juniperinum	Brown	68969
S-8-POLJUN-B	Proteobacteria	P_juniperinum	Brown	62489
S-9-POLJUN-B	Proteobacteria	P_juniperinum	Brown	44191
S-1-POLJUN-B	Pseudomonadota	P_juniperinum	Brown	49972
S-10-POLJUN-B	Pseudomonadota	P_juniperinum	Brown	19289
S-11-POLJUN-B	Pseudomonadota	P_juniperinum	Brown	26910
S-12-POLJUN-B	Pseudomonadota	P_juniperinum	Brown	21029
S-13-POLJUN-B	Pseudomonadota	P_juniperinum	Brown	10526
S-14-POLJUN-B	Pseudomonadota	P_juniperinum	Brown	17694
S-15-POLJUN-B	Pseudomonadota	P_juniperinum	Brown	14237
S-16-POLJUN-B	Pseudomonadota	P_juniperinum	Brown	18594
S-17-POLJUN-B	Pseudomonadota	P_juniperinum	Brown	33931
S-18-POLJUN-B	Pseudomonadota	P_juniperinum	Brown	26293
S-19-POLJUN-B	Pseudomonadota	P_juniperinum	Brown	19265
S-2-POLJUN-B	Pseudomonadota	P_juniperinum	Brown	41012
S-20-POLJUN-B	Pseudomonadota	P_juniperinum	Brown	13870
S-21-POLJUN-B	Pseudomonadota	P_juniperinum	Brown	16174
S-22-POLJUN-B	Pseudomonadota	P_juniperinum	Brown	17384
S-23-POLJUN-B	Pseudomonadota	P_juniperinum	Brown	12659
S-24-POLJUN-B	Pseudomonadota	P_juniperinum	Brown	10863
S-25-POLJUN-B	Pseudomonadota	P_juniperinum	Brown	14227
S-26-POLJUN-B	Pseudomonadota	P_juniperinum	Brown	13618
S-27-POLJUN-B	Pseudomonadota	P_juniperinum	Brown	11905
S-3-POLJUN-B	Pseudomonadota	P_juniperinum	Brown	32472
S-7-POLJUN-B	Pseudomonadota	P_juniperinum	Brown	29676
S-8-POLJUN-B	Pseudomonadota	P_juniperinum	Brown	34006
S-9-POLJUN-B	Pseudomonadota	P_juniperinum	Brown	30955
S-1-POLPIL-B	Acidobacteriota	P_piliferum	Brown	98935
S-10-POLPIL-B	Acidobacteriota	P_piliferum	Brown	60351
S-11-POLPIL-B	Acidobacteriota	P_piliferum	Brown	59767
S-12-POLPIL-B	Acidobacteriota	P_piliferum	Brown	24683
S-13-POLPIL-B	Acidobacteriota	P_piliferum	Brown	17245
S-14-POLPIL-B	Acidobacteriota	P_piliferum	Brown	11974
S-15-POLPIL-B	Acidobacteriota	P_piliferum	Brown	20466
S-16-POLPIL-B	Acidobacteriota	P_piliferum	Brown	12636
S-17-POLPIL-B	Acidobacteriota	P_piliferum	Brown	24987
S-18-POLPIL-B	Acidobacteriota	P_piliferum	Brown	22178
S-19-POLPIL-B	Acidobacteriota	P_piliferum	Brown	48772
S-2-POLPIL-B	Acidobacteriota	P_piliferum	Brown	74580
S-20-POLPIL-B	Acidobacteriota	P_piliferum	Brown	71405
S-22-POLPIL-B	Acidobacteriota	P_piliferum	Brown	26147
S-23-POLPIL-B	Acidobacteriota	P_piliferum	Brown	34655
S-24-POLPIL-B	Acidobacteriota	P_piliferum	Brown	35985
S-25-POLPIL-B	Acidobacteriota	P_piliferum	Brown	81793
S-26-POLPIL-B	Acidobacteriota	P_piliferum	Brown	40437
S-27-POLPIL-B	Acidobacteriota	P_piliferum	Brown	29792
S-3-POLPIL-B	Acidobacteriota	P_piliferum	Brown	102542
S-4-POLPIL-B	Acidobacteriota	P_piliferum	Brown	36723
S-5-POLPIL-B	Acidobacteriota	P_piliferum	Brown	21007
S-6-POLPIL-B	Acidobacteriota	P_piliferum	Brown	21999
S-7-POLPIL-B	Acidobacteriota	P_piliferum	Brown	51681
S-8-POLPIL-B	Acidobacteriota	P_piliferum	Brown	47255
S-9-POLPIL-B	Acidobacteriota	P_piliferum	Brown	40747
S-1-POLPIL-B	Actinobacteriota	P_piliferum	Brown	3267
S-10-POLPIL-B	Actinobacteriota	P_piliferum	Brown	13482
S-11-POLPIL-B	Actinobacteriota	P_piliferum	Brown	14092
S-12-POLPIL-B	Actinobacteriota	P_piliferum	Brown	4367
S-13-POLPIL-B	Actinobacteriota	P_piliferum	Brown	2433
S-14-POLPIL-B	Actinobacteriota	P_piliferum	Brown	2549
S-15-POLPIL-B	Actinobacteriota	P_piliferum	Brown	2793
S-16-POLPIL-B	Actinobacteriota	P_piliferum	Brown	11770
S-17-POLPIL-B	Actinobacteriota	P_piliferum	Brown	10199
S-18-POLPIL-B	Actinobacteriota	P_piliferum	Brown	7041
S-19-POLPIL-B	Actinobacteriota	P_piliferum	Brown	22400
S-2-POLPIL-B	Actinobacteriota	P_piliferum	Brown	7526
S-20-POLPIL-B	Actinobacteriota	P_piliferum	Brown	11106
S-22-POLPIL-B	Actinobacteriota	P_piliferum	Brown	23768
S-23-POLPIL-B	Actinobacteriota	P_piliferum	Brown	18240
S-24-POLPIL-B	Actinobacteriota	P_piliferum	Brown	10974
S-25-POLPIL-B	Actinobacteriota	P_piliferum	Brown	10491
S-26-POLPIL-B	Actinobacteriota	P_piliferum	Brown	33075
S-27-POLPIL-B	Actinobacteriota	P_piliferum	Brown	15943
S-3-POLPIL-B	Actinobacteriota	P_piliferum	Brown	2922
S-4-POLPIL-B	Actinobacteriota	P_piliferum	Brown	22549
S-5-POLPIL-B	Actinobacteriota	P_piliferum	Brown	22399
S-6-POLPIL-B	Actinobacteriota	P_piliferum	Brown	13166
S-7-POLPIL-B	Actinobacteriota	P_piliferum	Brown	12949
S-8-POLPIL-B	Actinobacteriota	P_piliferum	Brown	14925
S-9-POLPIL-B	Actinobacteriota	P_piliferum	Brown	3802
S-1-POLPIL-B	Actinomycetota	P_piliferum	Brown	1279
S-10-POLPIL-B	Actinomycetota	P_piliferum	Brown	1860
S-11-POLPIL-B	Actinomycetota	P_piliferum	Brown	2709
S-12-POLPIL-B	Actinomycetota	P_piliferum	Brown	648
S-13-POLPIL-B	Actinomycetota	P_piliferum	Brown	3661
S-14-POLPIL-B	Actinomycetota	P_piliferum	Brown	6333
S-15-POLPIL-B	Actinomycetota	P_piliferum	Brown	4209
S-16-POLPIL-B	Actinomycetota	P_piliferum	Brown	6285
S-17-POLPIL-B	Actinomycetota	P_piliferum	Brown	5019
S-18-POLPIL-B	Actinomycetota	P_piliferum	Brown	3974
S-19-POLPIL-B	Actinomycetota	P_piliferum	Brown	3019
S-2-POLPIL-B	Actinomycetota	P_piliferum	Brown	1876
S-20-POLPIL-B	Actinomycetota	P_piliferum	Brown	1202
S-22-POLPIL-B	Actinomycetota	P_piliferum	Brown	2346
S-23-POLPIL-B	Actinomycetota	P_piliferum	Brown	3297
S-24-POLPIL-B	Actinomycetota	P_piliferum	Brown	1996
S-25-POLPIL-B	Actinomycetota	P_piliferum	Brown	1756
S-26-POLPIL-B	Actinomycetota	P_piliferum	Brown	4174
S-27-POLPIL-B	Actinomycetota	P_piliferum	Brown	2270
S-3-POLPIL-B	Actinomycetota	P_piliferum	Brown	1385
S-4-POLPIL-B	Actinomycetota	P_piliferum	Brown	5364
S-5-POLPIL-B	Actinomycetota	P_piliferum	Brown	2494
S-6-POLPIL-B	Actinomycetota	P_piliferum	Brown	2486
S-7-POLPIL-B	Actinomycetota	P_piliferum	Brown	3686
S-8-POLPIL-B	Actinomycetota	P_piliferum	Brown	3126
S-9-POLPIL-B	Actinomycetota	P_piliferum	Brown	1281
S-1-POLPIL-B	Bacteroidota	P_piliferum	Brown	32503
S-10-POLPIL-B	Bacteroidota	P_piliferum	Brown	2527
S-11-POLPIL-B	Bacteroidota	P_piliferum	Brown	3260
S-12-POLPIL-B	Bacteroidota	P_piliferum	Brown	2283
S-13-POLPIL-B	Bacteroidota	P_piliferum	Brown	2095
S-14-POLPIL-B	Bacteroidota	P_piliferum	Brown	1895
S-15-POLPIL-B	Bacteroidota	P_piliferum	Brown	1741
S-16-POLPIL-B	Bacteroidota	P_piliferum	Brown	7319
S-17-POLPIL-B	Bacteroidota	P_piliferum	Brown	11380
S-18-POLPIL-B	Bacteroidota	P_piliferum	Brown	10145
S-19-POLPIL-B	Bacteroidota	P_piliferum	Brown	3561
S-2-POLPIL-B	Bacteroidota	P_piliferum	Brown	19348
S-20-POLPIL-B	Bacteroidota	P_piliferum	Brown	3530
S-22-POLPIL-B	Bacteroidota	P_piliferum	Brown	26188
S-23-POLPIL-B	Bacteroidota	P_piliferum	Brown	13990
S-24-POLPIL-B	Bacteroidota	P_piliferum	Brown	10442
S-25-POLPIL-B	Bacteroidota	P_piliferum	Brown	3667
S-26-POLPIL-B	Bacteroidota	P_piliferum	Brown	18795
S-27-POLPIL-B	Bacteroidota	P_piliferum	Brown	2921
S-3-POLPIL-B	Bacteroidota	P_piliferum	Brown	11681
S-4-POLPIL-B	Bacteroidota	P_piliferum	Brown	9413
S-5-POLPIL-B	Bacteroidota	P_piliferum	Brown	14163
S-6-POLPIL-B	Bacteroidota	P_piliferum	Brown	22735
S-7-POLPIL-B	Bacteroidota	P_piliferum	Brown	3416
S-8-POLPIL-B	Bacteroidota	P_piliferum	Brown	4205
S-9-POLPIL-B	Bacteroidota	P_piliferum	Brown	3668
S-1-POLPIL-B	Cyanobacteria	P_piliferum	Brown	33803
S-10-POLPIL-B	Cyanobacteria	P_piliferum	Brown	4832
S-11-POLPIL-B	Cyanobacteria	P_piliferum	Brown	14926
S-12-POLPIL-B	Cyanobacteria	P_piliferum	Brown	4235
S-13-POLPIL-B	Cyanobacteria	P_piliferum	Brown	0
S-14-POLPIL-B	Cyanobacteria	P_piliferum	Brown	0
S-15-POLPIL-B	Cyanobacteria	P_piliferum	Brown	0
S-16-POLPIL-B	Cyanobacteria	P_piliferum	Brown	2439
S-17-POLPIL-B	Cyanobacteria	P_piliferum	Brown	5809
S-18-POLPIL-B	Cyanobacteria	P_piliferum	Brown	6286
S-19-POLPIL-B	Cyanobacteria	P_piliferum	Brown	22693
S-2-POLPIL-B	Cyanobacteria	P_piliferum	Brown	47600
S-20-POLPIL-B	Cyanobacteria	P_piliferum	Brown	43641
S-22-POLPIL-B	Cyanobacteria	P_piliferum	Brown	90362
S-23-POLPIL-B	Cyanobacteria	P_piliferum	Brown	64007
S-24-POLPIL-B	Cyanobacteria	P_piliferum	Brown	69606
S-25-POLPIL-B	Cyanobacteria	P_piliferum	Brown	53686
S-26-POLPIL-B	Cyanobacteria	P_piliferum	Brown	35676
S-27-POLPIL-B	Cyanobacteria	P_piliferum	Brown	37347
S-3-POLPIL-B	Cyanobacteria	P_piliferum	Brown	35225
S-4-POLPIL-B	Cyanobacteria	P_piliferum	Brown	428
S-5-POLPIL-B	Cyanobacteria	P_piliferum	Brown	1837
S-6-POLPIL-B	Cyanobacteria	P_piliferum	Brown	512
S-7-POLPIL-B	Cyanobacteria	P_piliferum	Brown	18577
S-8-POLPIL-B	Cyanobacteria	P_piliferum	Brown	7273
S-9-POLPIL-B	Cyanobacteria	P_piliferum	Brown	23604
S-1-POLPIL-B	Eremiobacterota	P_piliferum	Brown	2402
S-10-POLPIL-B	Eremiobacterota	P_piliferum	Brown	174
S-11-POLPIL-B	Eremiobacterota	P_piliferum	Brown	0
S-12-POLPIL-B	Eremiobacterota	P_piliferum	Brown	0
S-13-POLPIL-B	Eremiobacterota	P_piliferum	Brown	0
S-14-POLPIL-B	Eremiobacterota	P_piliferum	Brown	0
S-15-POLPIL-B	Eremiobacterota	P_piliferum	Brown	0
S-16-POLPIL-B	Eremiobacterota	P_piliferum	Brown	1031
S-17-POLPIL-B	Eremiobacterota	P_piliferum	Brown	3747
S-18-POLPIL-B	Eremiobacterota	P_piliferum	Brown	1234
S-19-POLPIL-B	Eremiobacterota	P_piliferum	Brown	829
S-2-POLPIL-B	Eremiobacterota	P_piliferum	Brown	8848
S-20-POLPIL-B	Eremiobacterota	P_piliferum	Brown	257
S-22-POLPIL-B	Eremiobacterota	P_piliferum	Brown	2643
S-23-POLPIL-B	Eremiobacterota	P_piliferum	Brown	1121
S-24-POLPIL-B	Eremiobacterota	P_piliferum	Brown	10768
S-25-POLPIL-B	Eremiobacterota	P_piliferum	Brown	1376
S-26-POLPIL-B	Eremiobacterota	P_piliferum	Brown	3960
S-27-POLPIL-B	Eremiobacterota	P_piliferum	Brown	463
S-3-POLPIL-B	Eremiobacterota	P_piliferum	Brown	2598
S-4-POLPIL-B	Eremiobacterota	P_piliferum	Brown	5794
S-5-POLPIL-B	Eremiobacterota	P_piliferum	Brown	2786
S-6-POLPIL-B	Eremiobacterota	P_piliferum	Brown	961
S-7-POLPIL-B	Eremiobacterota	P_piliferum	Brown	498
S-8-POLPIL-B	Eremiobacterota	P_piliferum	Brown	7881
S-9-POLPIL-B	Eremiobacterota	P_piliferum	Brown	600
S-1-POLPIL-B	Others	P_piliferum	Brown	46786
S-10-POLPIL-B	Others	P_piliferum	Brown	15765
S-11-POLPIL-B	Others	P_piliferum	Brown	41281
S-12-POLPIL-B	Others	P_piliferum	Brown	7827
S-13-POLPIL-B	Others	P_piliferum	Brown	675
S-14-POLPIL-B	Others	P_piliferum	Brown	313
S-15-POLPIL-B	Others	P_piliferum	Brown	576
S-16-POLPIL-B	Others	P_piliferum	Brown	8429
S-17-POLPIL-B	Others	P_piliferum	Brown	2955
S-18-POLPIL-B	Others	P_piliferum	Brown	1690
S-19-POLPIL-B	Others	P_piliferum	Brown	33242
S-2-POLPIL-B	Others	P_piliferum	Brown	34752
S-20-POLPIL-B	Others	P_piliferum	Brown	2124
S-22-POLPIL-B	Others	P_piliferum	Brown	61812
S-23-POLPIL-B	Others	P_piliferum	Brown	19270
S-24-POLPIL-B	Others	P_piliferum	Brown	11996
S-25-POLPIL-B	Others	P_piliferum	Brown	8540
S-26-POLPIL-B	Others	P_piliferum	Brown	7822
S-27-POLPIL-B	Others	P_piliferum	Brown	9242
S-3-POLPIL-B	Others	P_piliferum	Brown	74843
S-4-POLPIL-B	Others	P_piliferum	Brown	25452
S-5-POLPIL-B	Others	P_piliferum	Brown	11461
S-6-POLPIL-B	Others	P_piliferum	Brown	10980
S-7-POLPIL-B	Others	P_piliferum	Brown	9238
S-8-POLPIL-B	Others	P_piliferum	Brown	8664
S-9-POLPIL-B	Others	P_piliferum	Brown	4016
S-1-POLPIL-B	Proteobacteria	P_piliferum	Brown	53111
S-10-POLPIL-B	Proteobacteria	P_piliferum	Brown	35765
S-11-POLPIL-B	Proteobacteria	P_piliferum	Brown	47088
S-12-POLPIL-B	Proteobacteria	P_piliferum	Brown	22900
S-13-POLPIL-B	Proteobacteria	P_piliferum	Brown	22204
S-14-POLPIL-B	Proteobacteria	P_piliferum	Brown	11753
S-15-POLPIL-B	Proteobacteria	P_piliferum	Brown	16657
S-16-POLPIL-B	Proteobacteria	P_piliferum	Brown	19348
S-17-POLPIL-B	Proteobacteria	P_piliferum	Brown	32574
S-18-POLPIL-B	Proteobacteria	P_piliferum	Brown	29285
S-19-POLPIL-B	Proteobacteria	P_piliferum	Brown	41521
S-2-POLPIL-B	Proteobacteria	P_piliferum	Brown	43310
S-20-POLPIL-B	Proteobacteria	P_piliferum	Brown	52819
S-22-POLPIL-B	Proteobacteria	P_piliferum	Brown	58259
S-23-POLPIL-B	Proteobacteria	P_piliferum	Brown	52615
S-24-POLPIL-B	Proteobacteria	P_piliferum	Brown	51033
S-25-POLPIL-B	Proteobacteria	P_piliferum	Brown	44355
S-26-POLPIL-B	Proteobacteria	P_piliferum	Brown	26611
S-27-POLPIL-B	Proteobacteria	P_piliferum	Brown	20676
S-3-POLPIL-B	Proteobacteria	P_piliferum	Brown	22902
S-4-POLPIL-B	Proteobacteria	P_piliferum	Brown	94638
S-5-POLPIL-B	Proteobacteria	P_piliferum	Brown	45229
S-6-POLPIL-B	Proteobacteria	P_piliferum	Brown	41823
S-7-POLPIL-B	Proteobacteria	P_piliferum	Brown	31958
S-8-POLPIL-B	Proteobacteria	P_piliferum	Brown	36058
S-9-POLPIL-B	Proteobacteria	P_piliferum	Brown	36302
S-1-POLPIL-B	Pseudomonadota	P_piliferum	Brown	10801
S-10-POLPIL-B	Pseudomonadota	P_piliferum	Brown	19361
S-11-POLPIL-B	Pseudomonadota	P_piliferum	Brown	22890
S-12-POLPIL-B	Pseudomonadota	P_piliferum	Brown	11109
S-13-POLPIL-B	Pseudomonadota	P_piliferum	Brown	28628
S-14-POLPIL-B	Pseudomonadota	P_piliferum	Brown	42962
S-15-POLPIL-B	Pseudomonadota	P_piliferum	Brown	27762
S-16-POLPIL-B	Pseudomonadota	P_piliferum	Brown	28227
S-17-POLPIL-B	Pseudomonadota	P_piliferum	Brown	28088
S-18-POLPIL-B	Pseudomonadota	P_piliferum	Brown	22631
S-19-POLPIL-B	Pseudomonadota	P_piliferum	Brown	20699
S-2-POLPIL-B	Pseudomonadota	P_piliferum	Brown	12507
S-20-POLPIL-B	Pseudomonadota	P_piliferum	Brown	15390
S-22-POLPIL-B	Pseudomonadota	P_piliferum	Brown	17267
S-23-POLPIL-B	Pseudomonadota	P_piliferum	Brown	17827
S-24-POLPIL-B	Pseudomonadota	P_piliferum	Brown	16771
S-25-POLPIL-B	Pseudomonadota	P_piliferum	Brown	16739
S-26-POLPIL-B	Pseudomonadota	P_piliferum	Brown	16671
S-27-POLPIL-B	Pseudomonadota	P_piliferum	Brown	11641
S-3-POLPIL-B	Pseudomonadota	P_piliferum	Brown	12550
S-4-POLPIL-B	Pseudomonadota	P_piliferum	Brown	50233
S-5-POLPIL-B	Pseudomonadota	P_piliferum	Brown	31953
S-6-POLPIL-B	Pseudomonadota	P_piliferum	Brown	38054
S-7-POLPIL-B	Pseudomonadota	P_piliferum	Brown	11157
S-8-POLPIL-B	Pseudomonadota	P_piliferum	Brown	13220
S-9-POLPIL-B	Pseudomonadota	P_piliferum	Brown	8429
S-3-DICUND-G	Acidobacteriota	D_undulatum	Green	35933
S-4-DICUND-G	Acidobacteriota	D_undulatum	Green	22642
S-5-DICUND-G	Acidobacteriota	D_undulatum	Green	40416
S-6-DICUND-G	Acidobacteriota	D_undulatum	Green	44270
S-7-DICUND-G	Acidobacteriota	D_undulatum	Green	35136
S-8-DICUND-G	Acidobacteriota	D_undulatum	Green	11486
S-9-DICUND-G	Acidobacteriota	D_undulatum	Green	25670
S-3-DICUND-G	Actinobacteriota	D_undulatum	Green	52131
S-4-DICUND-G	Actinobacteriota	D_undulatum	Green	27505
S-5-DICUND-G	Actinobacteriota	D_undulatum	Green	46680
S-6-DICUND-G	Actinobacteriota	D_undulatum	Green	44223
S-7-DICUND-G	Actinobacteriota	D_undulatum	Green	7640
S-8-DICUND-G	Actinobacteriota	D_undulatum	Green	10663
S-9-DICUND-G	Actinobacteriota	D_undulatum	Green	21488
S-3-DICUND-G	Actinomycetota	D_undulatum	Green	3410
S-4-DICUND-G	Actinomycetota	D_undulatum	Green	1003
S-5-DICUND-G	Actinomycetota	D_undulatum	Green	1658
S-6-DICUND-G	Actinomycetota	D_undulatum	Green	2122
S-7-DICUND-G	Actinomycetota	D_undulatum	Green	41417
S-8-DICUND-G	Actinomycetota	D_undulatum	Green	9407
S-9-DICUND-G	Actinomycetota	D_undulatum	Green	3503
S-3-DICUND-G	Bacteroidota	D_undulatum	Green	0
S-4-DICUND-G	Bacteroidota	D_undulatum	Green	67
S-5-DICUND-G	Bacteroidota	D_undulatum	Green	0
S-6-DICUND-G	Bacteroidota	D_undulatum	Green	245
S-7-DICUND-G	Bacteroidota	D_undulatum	Green	586
S-8-DICUND-G	Bacteroidota	D_undulatum	Green	199
S-9-DICUND-G	Bacteroidota	D_undulatum	Green	103
S-3-DICUND-G	Cyanobacteria	D_undulatum	Green	26864
S-4-DICUND-G	Cyanobacteria	D_undulatum	Green	18602
S-5-DICUND-G	Cyanobacteria	D_undulatum	Green	19680
S-6-DICUND-G	Cyanobacteria	D_undulatum	Green	28077
S-7-DICUND-G	Cyanobacteria	D_undulatum	Green	75
S-8-DICUND-G	Cyanobacteria	D_undulatum	Green	25412
S-9-DICUND-G	Cyanobacteria	D_undulatum	Green	46181
S-3-DICUND-G	Eremiobacterota	D_undulatum	Green	2577
S-4-DICUND-G	Eremiobacterota	D_undulatum	Green	3973
S-5-DICUND-G	Eremiobacterota	D_undulatum	Green	5020
S-6-DICUND-G	Eremiobacterota	D_undulatum	Green	3576
S-7-DICUND-G	Eremiobacterota	D_undulatum	Green	2368
S-8-DICUND-G	Eremiobacterota	D_undulatum	Green	745
S-9-DICUND-G	Eremiobacterota	D_undulatum	Green	2185
S-3-DICUND-G	Others	D_undulatum	Green	4370
S-4-DICUND-G	Others	D_undulatum	Green	921
S-5-DICUND-G	Others	D_undulatum	Green	4795
S-6-DICUND-G	Others	D_undulatum	Green	2723
S-7-DICUND-G	Others	D_undulatum	Green	1198
S-8-DICUND-G	Others	D_undulatum	Green	2544
S-9-DICUND-G	Others	D_undulatum	Green	3141
S-3-DICUND-G	Proteobacteria	D_undulatum	Green	7940
S-4-DICUND-G	Proteobacteria	D_undulatum	Green	18479
S-5-DICUND-G	Proteobacteria	D_undulatum	Green	7966
S-6-DICUND-G	Proteobacteria	D_undulatum	Green	9171
S-7-DICUND-G	Proteobacteria	D_undulatum	Green	6547
S-8-DICUND-G	Proteobacteria	D_undulatum	Green	7495
S-9-DICUND-G	Proteobacteria	D_undulatum	Green	7566
S-3-DICUND-G	Pseudomonadota	D_undulatum	Green	30506
S-4-DICUND-G	Pseudomonadota	D_undulatum	Green	4982
S-5-DICUND-G	Pseudomonadota	D_undulatum	Green	8272
S-6-DICUND-G	Pseudomonadota	D_undulatum	Green	6302
S-7-DICUND-G	Pseudomonadota	D_undulatum	Green	10186
S-8-DICUND-G	Pseudomonadota	D_undulatum	Green	5647
S-9-DICUND-G	Pseudomonadota	D_undulatum	Green	7650
S-1-POLCOM-G	Acidobacteriota	P_commune	Green	12055
S-2-POLCOM-G	Acidobacteriota	P_commune	Green	7737
S-3-POLCOM-G	Acidobacteriota	P_commune	Green	7903
S-4-POLCOM-G	Acidobacteriota	P_commune	Green	11407
S-5-POLCOM-G	Acidobacteriota	P_commune	Green	9381
S-6-POLCOM-G	Acidobacteriota	P_commune	Green	31267
S-7-POLCOM-G	Acidobacteriota	P_commune	Green	25574
S-8-POLCOM-G	Acidobacteriota	P_commune	Green	19361
S-9-POLCOM-G	Acidobacteriota	P_commune	Green	23371
S-1-POLCOM-G	Actinobacteriota	P_commune	Green	5556
S-2-POLCOM-G	Actinobacteriota	P_commune	Green	5070
S-3-POLCOM-G	Actinobacteriota	P_commune	Green	4569
S-4-POLCOM-G	Actinobacteriota	P_commune	Green	5181
S-5-POLCOM-G	Actinobacteriota	P_commune	Green	6779
S-6-POLCOM-G	Actinobacteriota	P_commune	Green	6548
S-7-POLCOM-G	Actinobacteriota	P_commune	Green	25265
S-8-POLCOM-G	Actinobacteriota	P_commune	Green	31937
S-9-POLCOM-G	Actinobacteriota	P_commune	Green	25056
S-1-POLCOM-G	Actinomycetota	P_commune	Green	174
S-2-POLCOM-G	Actinomycetota	P_commune	Green	326
S-3-POLCOM-G	Actinomycetota	P_commune	Green	530
S-4-POLCOM-G	Actinomycetota	P_commune	Green	832
S-5-POLCOM-G	Actinomycetota	P_commune	Green	1190
S-6-POLCOM-G	Actinomycetota	P_commune	Green	552
S-7-POLCOM-G	Actinomycetota	P_commune	Green	1176
S-8-POLCOM-G	Actinomycetota	P_commune	Green	1836
S-9-POLCOM-G	Actinomycetota	P_commune	Green	1184
S-1-POLCOM-G	Bacteroidota	P_commune	Green	0
S-2-POLCOM-G	Bacteroidota	P_commune	Green	85
S-3-POLCOM-G	Bacteroidota	P_commune	Green	135
S-4-POLCOM-G	Bacteroidota	P_commune	Green	1197
S-5-POLCOM-G	Bacteroidota	P_commune	Green	2511
S-6-POLCOM-G	Bacteroidota	P_commune	Green	191
S-7-POLCOM-G	Bacteroidota	P_commune	Green	945
S-8-POLCOM-G	Bacteroidota	P_commune	Green	1629
S-9-POLCOM-G	Bacteroidota	P_commune	Green	668
S-1-POLCOM-G	Cyanobacteria	P_commune	Green	0
S-2-POLCOM-G	Cyanobacteria	P_commune	Green	0
S-3-POLCOM-G	Cyanobacteria	P_commune	Green	0
S-4-POLCOM-G	Cyanobacteria	P_commune	Green	642
S-5-POLCOM-G	Cyanobacteria	P_commune	Green	100
S-6-POLCOM-G	Cyanobacteria	P_commune	Green	204
S-7-POLCOM-G	Cyanobacteria	P_commune	Green	0
S-8-POLCOM-G	Cyanobacteria	P_commune	Green	69
S-9-POLCOM-G	Cyanobacteria	P_commune	Green	0
S-1-POLCOM-G	Eremiobacterota	P_commune	Green	16881
S-2-POLCOM-G	Eremiobacterota	P_commune	Green	21601
S-3-POLCOM-G	Eremiobacterota	P_commune	Green	23593
S-4-POLCOM-G	Eremiobacterota	P_commune	Green	26877
S-5-POLCOM-G	Eremiobacterota	P_commune	Green	24318
S-6-POLCOM-G	Eremiobacterota	P_commune	Green	33527
S-7-POLCOM-G	Eremiobacterota	P_commune	Green	42615
S-8-POLCOM-G	Eremiobacterota	P_commune	Green	54768
S-9-POLCOM-G	Eremiobacterota	P_commune	Green	26193
S-1-POLCOM-G	Others	P_commune	Green	0
S-2-POLCOM-G	Others	P_commune	Green	91
S-3-POLCOM-G	Others	P_commune	Green	651
S-4-POLCOM-G	Others	P_commune	Green	251
S-5-POLCOM-G	Others	P_commune	Green	2056
S-6-POLCOM-G	Others	P_commune	Green	260
S-7-POLCOM-G	Others	P_commune	Green	323
S-8-POLCOM-G	Others	P_commune	Green	843
S-9-POLCOM-G	Others	P_commune	Green	184
S-1-POLCOM-G	Proteobacteria	P_commune	Green	28120
S-2-POLCOM-G	Proteobacteria	P_commune	Green	37316
S-3-POLCOM-G	Proteobacteria	P_commune	Green	33197
S-4-POLCOM-G	Proteobacteria	P_commune	Green	29881
S-5-POLCOM-G	Proteobacteria	P_commune	Green	23374
S-6-POLCOM-G	Proteobacteria	P_commune	Green	69173
S-7-POLCOM-G	Proteobacteria	P_commune	Green	101201
S-8-POLCOM-G	Proteobacteria	P_commune	Green	78081
S-9-POLCOM-G	Proteobacteria	P_commune	Green	68254
S-1-POLCOM-G	Pseudomonadota	P_commune	Green	4007
S-2-POLCOM-G	Pseudomonadota	P_commune	Green	5556
S-3-POLCOM-G	Pseudomonadota	P_commune	Green	4041
S-4-POLCOM-G	Pseudomonadota	P_commune	Green	8499
S-5-POLCOM-G	Pseudomonadota	P_commune	Green	13911
S-6-POLCOM-G	Pseudomonadota	P_commune	Green	8301
S-7-POLCOM-G	Pseudomonadota	P_commune	Green	21937
S-8-POLCOM-G	Pseudomonadota	P_commune	Green	17183
S-9-POLCOM-G	Pseudomonadota	P_commune	Green	16798
S-1-POLJUN-G	Acidobacteriota	P_juniperinum	Green	8464
S-10-POLJUN-G	Acidobacteriota	P_juniperinum	Green	10556
S-11-POLJUN-G	Acidobacteriota	P_juniperinum	Green	12510
S-12-POLJUN-G	Acidobacteriota	P_juniperinum	Green	8062
S-13-POLJUN-G	Acidobacteriota	P_juniperinum	Green	9582
S-14-POLJUN-G	Acidobacteriota	P_juniperinum	Green	16350
S-15-POLJUN-G	Acidobacteriota	P_juniperinum	Green	15130
S-16-POLJUN-G	Acidobacteriota	P_juniperinum	Green	5909
S-17-POLJUN-G	Acidobacteriota	P_juniperinum	Green	6547
S-18-POLJUN-G	Acidobacteriota	P_juniperinum	Green	2321
S-2-POLJUN-G	Acidobacteriota	P_juniperinum	Green	11024
S-20-POLJUN-G	Acidobacteriota	P_juniperinum	Green	10736
S-21-POLJUN-G	Acidobacteriota	P_juniperinum	Green	13705
S-22-POLJUN-G	Acidobacteriota	P_juniperinum	Green	28773
S-23-POLJUN-G	Acidobacteriota	P_juniperinum	Green	32003
S-24-POLJUN-G	Acidobacteriota	P_juniperinum	Green	15880
S-25-POLJUN-G	Acidobacteriota	P_juniperinum	Green	4333
S-26-POLJUN-G	Acidobacteriota	P_juniperinum	Green	7929
S-3-POLJUN-G	Acidobacteriota	P_juniperinum	Green	8636
S-7-POLJUN-G	Acidobacteriota	P_juniperinum	Green	6735
S-8-POLJUN-G	Acidobacteriota	P_juniperinum	Green	9851
S-9-POLJUN-G	Acidobacteriota	P_juniperinum	Green	18162
S-1-POLJUN-G	Actinobacteriota	P_juniperinum	Green	8218
S-10-POLJUN-G	Actinobacteriota	P_juniperinum	Green	9304
S-11-POLJUN-G	Actinobacteriota	P_juniperinum	Green	4488
S-12-POLJUN-G	Actinobacteriota	P_juniperinum	Green	8169
S-13-POLJUN-G	Actinobacteriota	P_juniperinum	Green	5542
S-14-POLJUN-G	Actinobacteriota	P_juniperinum	Green	5265
S-15-POLJUN-G	Actinobacteriota	P_juniperinum	Green	9774
S-16-POLJUN-G	Actinobacteriota	P_juniperinum	Green	4068
S-17-POLJUN-G	Actinobacteriota	P_juniperinum	Green	4813
S-18-POLJUN-G	Actinobacteriota	P_juniperinum	Green	5488
S-2-POLJUN-G	Actinobacteriota	P_juniperinum	Green	13021
S-20-POLJUN-G	Actinobacteriota	P_juniperinum	Green	11749
S-21-POLJUN-G	Actinobacteriota	P_juniperinum	Green	17052
S-22-POLJUN-G	Actinobacteriota	P_juniperinum	Green	6019
S-23-POLJUN-G	Actinobacteriota	P_juniperinum	Green	6401
S-24-POLJUN-G	Actinobacteriota	P_juniperinum	Green	3898
S-25-POLJUN-G	Actinobacteriota	P_juniperinum	Green	2200
S-26-POLJUN-G	Actinobacteriota	P_juniperinum	Green	6665
S-3-POLJUN-G	Actinobacteriota	P_juniperinum	Green	9209
S-7-POLJUN-G	Actinobacteriota	P_juniperinum	Green	8867
S-8-POLJUN-G	Actinobacteriota	P_juniperinum	Green	5823
S-9-POLJUN-G	Actinobacteriota	P_juniperinum	Green	16179
S-1-POLJUN-G	Actinomycetota	P_juniperinum	Green	287
S-10-POLJUN-G	Actinomycetota	P_juniperinum	Green	255
S-11-POLJUN-G	Actinomycetota	P_juniperinum	Green	72
S-12-POLJUN-G	Actinomycetota	P_juniperinum	Green	104
S-13-POLJUN-G	Actinomycetota	P_juniperinum	Green	0
S-14-POLJUN-G	Actinomycetota	P_juniperinum	Green	0
S-15-POLJUN-G	Actinomycetota	P_juniperinum	Green	88
S-16-POLJUN-G	Actinomycetota	P_juniperinum	Green	0
S-17-POLJUN-G	Actinomycetota	P_juniperinum	Green	0
S-18-POLJUN-G	Actinomycetota	P_juniperinum	Green	0
S-2-POLJUN-G	Actinomycetota	P_juniperinum	Green	686
S-20-POLJUN-G	Actinomycetota	P_juniperinum	Green	463
S-21-POLJUN-G	Actinomycetota	P_juniperinum	Green	616
S-22-POLJUN-G	Actinomycetota	P_juniperinum	Green	277
S-23-POLJUN-G	Actinomycetota	P_juniperinum	Green	226
S-24-POLJUN-G	Actinomycetota	P_juniperinum	Green	160
S-25-POLJUN-G	Actinomycetota	P_juniperinum	Green	91
S-26-POLJUN-G	Actinomycetota	P_juniperinum	Green	393
S-3-POLJUN-G	Actinomycetota	P_juniperinum	Green	156
S-7-POLJUN-G	Actinomycetota	P_juniperinum	Green	127
S-8-POLJUN-G	Actinomycetota	P_juniperinum	Green	132
S-9-POLJUN-G	Actinomycetota	P_juniperinum	Green	464
S-1-POLJUN-G	Bacteroidota	P_juniperinum	Green	420
S-10-POLJUN-G	Bacteroidota	P_juniperinum	Green	3889
S-11-POLJUN-G	Bacteroidota	P_juniperinum	Green	1448
S-12-POLJUN-G	Bacteroidota	P_juniperinum	Green	3071
S-13-POLJUN-G	Bacteroidota	P_juniperinum	Green	640
S-14-POLJUN-G	Bacteroidota	P_juniperinum	Green	646
S-15-POLJUN-G	Bacteroidota	P_juniperinum	Green	1212
S-16-POLJUN-G	Bacteroidota	P_juniperinum	Green	1052
S-17-POLJUN-G	Bacteroidota	P_juniperinum	Green	678
S-18-POLJUN-G	Bacteroidota	P_juniperinum	Green	739
S-2-POLJUN-G	Bacteroidota	P_juniperinum	Green	537
S-20-POLJUN-G	Bacteroidota	P_juniperinum	Green	2650
S-21-POLJUN-G	Bacteroidota	P_juniperinum	Green	3121
S-22-POLJUN-G	Bacteroidota	P_juniperinum	Green	2050
S-23-POLJUN-G	Bacteroidota	P_juniperinum	Green	1134
S-24-POLJUN-G	Bacteroidota	P_juniperinum	Green	845
S-25-POLJUN-G	Bacteroidota	P_juniperinum	Green	893
S-26-POLJUN-G	Bacteroidota	P_juniperinum	Green	2337
S-3-POLJUN-G	Bacteroidota	P_juniperinum	Green	140
S-7-POLJUN-G	Bacteroidota	P_juniperinum	Green	760
S-8-POLJUN-G	Bacteroidota	P_juniperinum	Green	577
S-9-POLJUN-G	Bacteroidota	P_juniperinum	Green	1058
S-1-POLJUN-G	Cyanobacteria	P_juniperinum	Green	129
S-10-POLJUN-G	Cyanobacteria	P_juniperinum	Green	7194
S-11-POLJUN-G	Cyanobacteria	P_juniperinum	Green	4152
S-12-POLJUN-G	Cyanobacteria	P_juniperinum	Green	6780
S-13-POLJUN-G	Cyanobacteria	P_juniperinum	Green	3406
S-14-POLJUN-G	Cyanobacteria	P_juniperinum	Green	7030
S-15-POLJUN-G	Cyanobacteria	P_juniperinum	Green	3171
S-16-POLJUN-G	Cyanobacteria	P_juniperinum	Green	6866
S-17-POLJUN-G	Cyanobacteria	P_juniperinum	Green	8781
S-18-POLJUN-G	Cyanobacteria	P_juniperinum	Green	2044
S-2-POLJUN-G	Cyanobacteria	P_juniperinum	Green	281
S-20-POLJUN-G	Cyanobacteria	P_juniperinum	Green	13733
S-21-POLJUN-G	Cyanobacteria	P_juniperinum	Green	45261
S-22-POLJUN-G	Cyanobacteria	P_juniperinum	Green	19177
S-23-POLJUN-G	Cyanobacteria	P_juniperinum	Green	18421
S-24-POLJUN-G	Cyanobacteria	P_juniperinum	Green	6840
S-25-POLJUN-G	Cyanobacteria	P_juniperinum	Green	27005
S-26-POLJUN-G	Cyanobacteria	P_juniperinum	Green	36854
S-3-POLJUN-G	Cyanobacteria	P_juniperinum	Green	180
S-7-POLJUN-G	Cyanobacteria	P_juniperinum	Green	1035
S-8-POLJUN-G	Cyanobacteria	P_juniperinum	Green	6642
S-9-POLJUN-G	Cyanobacteria	P_juniperinum	Green	4172
S-1-POLJUN-G	Eremiobacterota	P_juniperinum	Green	1396
S-10-POLJUN-G	Eremiobacterota	P_juniperinum	Green	4633
S-11-POLJUN-G	Eremiobacterota	P_juniperinum	Green	6838
S-12-POLJUN-G	Eremiobacterota	P_juniperinum	Green	3747
S-13-POLJUN-G	Eremiobacterota	P_juniperinum	Green	2134
S-14-POLJUN-G	Eremiobacterota	P_juniperinum	Green	3406
S-15-POLJUN-G	Eremiobacterota	P_juniperinum	Green	2155
S-16-POLJUN-G	Eremiobacterota	P_juniperinum	Green	2758
S-17-POLJUN-G	Eremiobacterota	P_juniperinum	Green	3653
S-18-POLJUN-G	Eremiobacterota	P_juniperinum	Green	537
S-2-POLJUN-G	Eremiobacterota	P_juniperinum	Green	2305
S-20-POLJUN-G	Eremiobacterota	P_juniperinum	Green	390
S-21-POLJUN-G	Eremiobacterota	P_juniperinum	Green	593
S-22-POLJUN-G	Eremiobacterota	P_juniperinum	Green	8620
S-23-POLJUN-G	Eremiobacterota	P_juniperinum	Green	9444
S-24-POLJUN-G	Eremiobacterota	P_juniperinum	Green	2436
S-25-POLJUN-G	Eremiobacterota	P_juniperinum	Green	344
S-26-POLJUN-G	Eremiobacterota	P_juniperinum	Green	450
S-3-POLJUN-G	Eremiobacterota	P_juniperinum	Green	5357
S-7-POLJUN-G	Eremiobacterota	P_juniperinum	Green	0
S-8-POLJUN-G	Eremiobacterota	P_juniperinum	Green	0
S-9-POLJUN-G	Eremiobacterota	P_juniperinum	Green	0
S-1-POLJUN-G	Others	P_juniperinum	Green	0
S-10-POLJUN-G	Others	P_juniperinum	Green	11397
S-11-POLJUN-G	Others	P_juniperinum	Green	5533
S-12-POLJUN-G	Others	P_juniperinum	Green	10969
S-13-POLJUN-G	Others	P_juniperinum	Green	471
S-14-POLJUN-G	Others	P_juniperinum	Green	1028
S-15-POLJUN-G	Others	P_juniperinum	Green	720
S-16-POLJUN-G	Others	P_juniperinum	Green	977
S-17-POLJUN-G	Others	P_juniperinum	Green	5257
S-18-POLJUN-G	Others	P_juniperinum	Green	1173
S-2-POLJUN-G	Others	P_juniperinum	Green	0
S-20-POLJUN-G	Others	P_juniperinum	Green	12326
S-21-POLJUN-G	Others	P_juniperinum	Green	10254
S-22-POLJUN-G	Others	P_juniperinum	Green	15350
S-23-POLJUN-G	Others	P_juniperinum	Green	7269
S-24-POLJUN-G	Others	P_juniperinum	Green	3590
S-25-POLJUN-G	Others	P_juniperinum	Green	799
S-26-POLJUN-G	Others	P_juniperinum	Green	3705
S-3-POLJUN-G	Others	P_juniperinum	Green	0
S-7-POLJUN-G	Others	P_juniperinum	Green	222
S-8-POLJUN-G	Others	P_juniperinum	Green	0
S-9-POLJUN-G	Others	P_juniperinum	Green	471
S-1-POLJUN-G	Proteobacteria	P_juniperinum	Green	59244
S-10-POLJUN-G	Proteobacteria	P_juniperinum	Green	54909
S-11-POLJUN-G	Proteobacteria	P_juniperinum	Green	69726
S-12-POLJUN-G	Proteobacteria	P_juniperinum	Green	46809
S-13-POLJUN-G	Proteobacteria	P_juniperinum	Green	28011
S-14-POLJUN-G	Proteobacteria	P_juniperinum	Green	29540
S-15-POLJUN-G	Proteobacteria	P_juniperinum	Green	46260
S-16-POLJUN-G	Proteobacteria	P_juniperinum	Green	15634
S-17-POLJUN-G	Proteobacteria	P_juniperinum	Green	20709
S-18-POLJUN-G	Proteobacteria	P_juniperinum	Green	13780
S-2-POLJUN-G	Proteobacteria	P_juniperinum	Green	68047
S-20-POLJUN-G	Proteobacteria	P_juniperinum	Green	36355
S-21-POLJUN-G	Proteobacteria	P_juniperinum	Green	63641
S-22-POLJUN-G	Proteobacteria	P_juniperinum	Green	39981
S-23-POLJUN-G	Proteobacteria	P_juniperinum	Green	48079
S-24-POLJUN-G	Proteobacteria	P_juniperinum	Green	26226
S-25-POLJUN-G	Proteobacteria	P_juniperinum	Green	23062
S-26-POLJUN-G	Proteobacteria	P_juniperinum	Green	39613
S-3-POLJUN-G	Proteobacteria	P_juniperinum	Green	57749
S-7-POLJUN-G	Proteobacteria	P_juniperinum	Green	29675
S-8-POLJUN-G	Proteobacteria	P_juniperinum	Green	33243
S-9-POLJUN-G	Proteobacteria	P_juniperinum	Green	60004
S-1-POLJUN-G	Pseudomonadota	P_juniperinum	Green	21547
S-10-POLJUN-G	Pseudomonadota	P_juniperinum	Green	17790
S-11-POLJUN-G	Pseudomonadota	P_juniperinum	Green	31603
S-12-POLJUN-G	Pseudomonadota	P_juniperinum	Green	13834
S-13-POLJUN-G	Pseudomonadota	P_juniperinum	Green	7222
S-14-POLJUN-G	Pseudomonadota	P_juniperinum	Green	15432
S-15-POLJUN-G	Pseudomonadota	P_juniperinum	Green	17530
S-16-POLJUN-G	Pseudomonadota	P_juniperinum	Green	6326
S-17-POLJUN-G	Pseudomonadota	P_juniperinum	Green	9874
S-18-POLJUN-G	Pseudomonadota	P_juniperinum	Green	7193
S-2-POLJUN-G	Pseudomonadota	P_juniperinum	Green	28325
S-20-POLJUN-G	Pseudomonadota	P_juniperinum	Green	9855
S-21-POLJUN-G	Pseudomonadota	P_juniperinum	Green	12667
S-22-POLJUN-G	Pseudomonadota	P_juniperinum	Green	9392
S-23-POLJUN-G	Pseudomonadota	P_juniperinum	Green	11179
S-24-POLJUN-G	Pseudomonadota	P_juniperinum	Green	10104
S-25-POLJUN-G	Pseudomonadota	P_juniperinum	Green	5885
S-26-POLJUN-G	Pseudomonadota	P_juniperinum	Green	11630
S-3-POLJUN-G	Pseudomonadota	P_juniperinum	Green	9395
S-7-POLJUN-G	Pseudomonadota	P_juniperinum	Green	13339
S-8-POLJUN-G	Pseudomonadota	P_juniperinum	Green	12733
S-9-POLJUN-G	Pseudomonadota	P_juniperinum	Green	16248
S-10-POLPIL-G	Acidobacteriota	P_piliferum	Green	25157
S-11-POLPIL-G	Acidobacteriota	P_piliferum	Green	17349
S-12-POLPIL-G	Acidobacteriota	P_piliferum	Green	53774
S-13-POLPIL-G	Acidobacteriota	P_piliferum	Green	8028
S-14-POLPIL-G	Acidobacteriota	P_piliferum	Green	3971
S-15-POLPIL-G	Acidobacteriota	P_piliferum	Green	13236
S-16-POLPIL-G	Acidobacteriota	P_piliferum	Green	12025
S-17-POLPIL-G	Acidobacteriota	P_piliferum	Green	17883
S-18-POLPIL-G	Acidobacteriota	P_piliferum	Green	19782
S-19-POLPIL-G	Acidobacteriota	P_piliferum	Green	23587
S-2-POLPIL-G	Acidobacteriota	P_piliferum	Green	22129
S-20-POLPIL-G	Acidobacteriota	P_piliferum	Green	18476
S-21-POLPIL-G	Acidobacteriota	P_piliferum	Green	11162
S-22-POLPIL-G	Acidobacteriota	P_piliferum	Green	10435
S-23-POLPIL-G	Acidobacteriota	P_piliferum	Green	15911
S-24-POLPIL-G	Acidobacteriota	P_piliferum	Green	21171
S-25-POLPIL-G	Acidobacteriota	P_piliferum	Green	36043
S-26-POLPIL-G	Acidobacteriota	P_piliferum	Green	32215
S-27-POLPIL-G	Acidobacteriota	P_piliferum	Green	12746
S-3-POLPIL-G	Acidobacteriota	P_piliferum	Green	27455
S-4-POLPIL-G	Acidobacteriota	P_piliferum	Green	15837
S-5-POLPIL-G	Acidobacteriota	P_piliferum	Green	29329
S-6-POLPIL-G	Acidobacteriota	P_piliferum	Green	35251
S-7-POLPIL-G	Acidobacteriota	P_piliferum	Green	17158
S-8-POLPIL-G	Acidobacteriota	P_piliferum	Green	8411
S-9-POLPIL-G	Acidobacteriota	P_piliferum	Green	10868
S-10-POLPIL-G	Actinobacteriota	P_piliferum	Green	3204
S-11-POLPIL-G	Actinobacteriota	P_piliferum	Green	3173
S-12-POLPIL-G	Actinobacteriota	P_piliferum	Green	16165
S-13-POLPIL-G	Actinobacteriota	P_piliferum	Green	363
S-14-POLPIL-G	Actinobacteriota	P_piliferum	Green	509
S-15-POLPIL-G	Actinobacteriota	P_piliferum	Green	428
S-16-POLPIL-G	Actinobacteriota	P_piliferum	Green	1234
S-17-POLPIL-G	Actinobacteriota	P_piliferum	Green	2351
S-18-POLPIL-G	Actinobacteriota	P_piliferum	Green	2193
S-19-POLPIL-G	Actinobacteriota	P_piliferum	Green	1978
S-2-POLPIL-G	Actinobacteriota	P_piliferum	Green	2786
S-20-POLPIL-G	Actinobacteriota	P_piliferum	Green	863
S-21-POLPIL-G	Actinobacteriota	P_piliferum	Green	561
S-22-POLPIL-G	Actinobacteriota	P_piliferum	Green	3911
S-23-POLPIL-G	Actinobacteriota	P_piliferum	Green	5310
S-24-POLPIL-G	Actinobacteriota	P_piliferum	Green	4804
S-25-POLPIL-G	Actinobacteriota	P_piliferum	Green	1749
S-26-POLPIL-G	Actinobacteriota	P_piliferum	Green	2605
S-27-POLPIL-G	Actinobacteriota	P_piliferum	Green	1676
S-3-POLPIL-G	Actinobacteriota	P_piliferum	Green	1949
S-4-POLPIL-G	Actinobacteriota	P_piliferum	Green	2936
S-5-POLPIL-G	Actinobacteriota	P_piliferum	Green	4698
S-6-POLPIL-G	Actinobacteriota	P_piliferum	Green	5676
S-7-POLPIL-G	Actinobacteriota	P_piliferum	Green	2207
S-8-POLPIL-G	Actinobacteriota	P_piliferum	Green	1126
S-9-POLPIL-G	Actinobacteriota	P_piliferum	Green	917
S-10-POLPIL-G	Actinomycetota	P_piliferum	Green	732
S-11-POLPIL-G	Actinomycetota	P_piliferum	Green	630
S-12-POLPIL-G	Actinomycetota	P_piliferum	Green	2474
S-13-POLPIL-G	Actinomycetota	P_piliferum	Green	442
S-14-POLPIL-G	Actinomycetota	P_piliferum	Green	394
S-15-POLPIL-G	Actinomycetota	P_piliferum	Green	439
S-16-POLPIL-G	Actinomycetota	P_piliferum	Green	514
S-17-POLPIL-G	Actinomycetota	P_piliferum	Green	939
S-18-POLPIL-G	Actinomycetota	P_piliferum	Green	1206
S-19-POLPIL-G	Actinomycetota	P_piliferum	Green	202
S-2-POLPIL-G	Actinomycetota	P_piliferum	Green	1162
S-20-POLPIL-G	Actinomycetota	P_piliferum	Green	104
S-21-POLPIL-G	Actinomycetota	P_piliferum	Green	0
S-22-POLPIL-G	Actinomycetota	P_piliferum	Green	297
S-23-POLPIL-G	Actinomycetota	P_piliferum	Green	717
S-24-POLPIL-G	Actinomycetota	P_piliferum	Green	670
S-25-POLPIL-G	Actinomycetota	P_piliferum	Green	169
S-26-POLPIL-G	Actinomycetota	P_piliferum	Green	1117
S-27-POLPIL-G	Actinomycetota	P_piliferum	Green	85
S-3-POLPIL-G	Actinomycetota	P_piliferum	Green	543
S-4-POLPIL-G	Actinomycetota	P_piliferum	Green	784
S-5-POLPIL-G	Actinomycetota	P_piliferum	Green	292
S-6-POLPIL-G	Actinomycetota	P_piliferum	Green	681
S-7-POLPIL-G	Actinomycetota	P_piliferum	Green	624
S-8-POLPIL-G	Actinomycetota	P_piliferum	Green	280
S-9-POLPIL-G	Actinomycetota	P_piliferum	Green	249
S-10-POLPIL-G	Bacteroidota	P_piliferum	Green	811
S-11-POLPIL-G	Bacteroidota	P_piliferum	Green	1360
S-12-POLPIL-G	Bacteroidota	P_piliferum	Green	3396
S-13-POLPIL-G	Bacteroidota	P_piliferum	Green	147
S-14-POLPIL-G	Bacteroidota	P_piliferum	Green	0
S-15-POLPIL-G	Bacteroidota	P_piliferum	Green	440
S-16-POLPIL-G	Bacteroidota	P_piliferum	Green	452
S-17-POLPIL-G	Bacteroidota	P_piliferum	Green	1431
S-18-POLPIL-G	Bacteroidota	P_piliferum	Green	1705
S-19-POLPIL-G	Bacteroidota	P_piliferum	Green	842
S-2-POLPIL-G	Bacteroidota	P_piliferum	Green	3112
S-20-POLPIL-G	Bacteroidota	P_piliferum	Green	197
S-21-POLPIL-G	Bacteroidota	P_piliferum	Green	190
S-22-POLPIL-G	Bacteroidota	P_piliferum	Green	2301
S-23-POLPIL-G	Bacteroidota	P_piliferum	Green	3862
S-24-POLPIL-G	Bacteroidota	P_piliferum	Green	2623
S-25-POLPIL-G	Bacteroidota	P_piliferum	Green	1594
S-26-POLPIL-G	Bacteroidota	P_piliferum	Green	1904
S-27-POLPIL-G	Bacteroidota	P_piliferum	Green	400
S-3-POLPIL-G	Bacteroidota	P_piliferum	Green	5635
S-4-POLPIL-G	Bacteroidota	P_piliferum	Green	297
S-5-POLPIL-G	Bacteroidota	P_piliferum	Green	454
S-6-POLPIL-G	Bacteroidota	P_piliferum	Green	2455
S-7-POLPIL-G	Bacteroidota	P_piliferum	Green	614
S-8-POLPIL-G	Bacteroidota	P_piliferum	Green	365
S-9-POLPIL-G	Bacteroidota	P_piliferum	Green	318
S-10-POLPIL-G	Cyanobacteria	P_piliferum	Green	1802
S-11-POLPIL-G	Cyanobacteria	P_piliferum	Green	2216
S-12-POLPIL-G	Cyanobacteria	P_piliferum	Green	18239
S-13-POLPIL-G	Cyanobacteria	P_piliferum	Green	0
S-14-POLPIL-G	Cyanobacteria	P_piliferum	Green	0
S-15-POLPIL-G	Cyanobacteria	P_piliferum	Green	0
S-16-POLPIL-G	Cyanobacteria	P_piliferum	Green	901
S-17-POLPIL-G	Cyanobacteria	P_piliferum	Green	1762
S-18-POLPIL-G	Cyanobacteria	P_piliferum	Green	1284
S-19-POLPIL-G	Cyanobacteria	P_piliferum	Green	3430
S-2-POLPIL-G	Cyanobacteria	P_piliferum	Green	2256
S-20-POLPIL-G	Cyanobacteria	P_piliferum	Green	1985
S-21-POLPIL-G	Cyanobacteria	P_piliferum	Green	590
S-22-POLPIL-G	Cyanobacteria	P_piliferum	Green	16693
S-23-POLPIL-G	Cyanobacteria	P_piliferum	Green	20451
S-24-POLPIL-G	Cyanobacteria	P_piliferum	Green	17259
S-25-POLPIL-G	Cyanobacteria	P_piliferum	Green	3385
S-26-POLPIL-G	Cyanobacteria	P_piliferum	Green	3354
S-27-POLPIL-G	Cyanobacteria	P_piliferum	Green	3264
S-3-POLPIL-G	Cyanobacteria	P_piliferum	Green	7219
S-4-POLPIL-G	Cyanobacteria	P_piliferum	Green	0
S-5-POLPIL-G	Cyanobacteria	P_piliferum	Green	189
S-6-POLPIL-G	Cyanobacteria	P_piliferum	Green	0
S-7-POLPIL-G	Cyanobacteria	P_piliferum	Green	3003
S-8-POLPIL-G	Cyanobacteria	P_piliferum	Green	1318
S-9-POLPIL-G	Cyanobacteria	P_piliferum	Green	8181
S-10-POLPIL-G	Eremiobacterota	P_piliferum	Green	0
S-11-POLPIL-G	Eremiobacterota	P_piliferum	Green	0
S-12-POLPIL-G	Eremiobacterota	P_piliferum	Green	0
S-13-POLPIL-G	Eremiobacterota	P_piliferum	Green	0
S-14-POLPIL-G	Eremiobacterota	P_piliferum	Green	0
S-15-POLPIL-G	Eremiobacterota	P_piliferum	Green	0
S-16-POLPIL-G	Eremiobacterota	P_piliferum	Green	0
S-17-POLPIL-G	Eremiobacterota	P_piliferum	Green	80
S-18-POLPIL-G	Eremiobacterota	P_piliferum	Green	0
S-19-POLPIL-G	Eremiobacterota	P_piliferum	Green	0
S-2-POLPIL-G	Eremiobacterota	P_piliferum	Green	450
S-20-POLPIL-G	Eremiobacterota	P_piliferum	Green	0
S-21-POLPIL-G	Eremiobacterota	P_piliferum	Green	0
S-22-POLPIL-G	Eremiobacterota	P_piliferum	Green	522
S-23-POLPIL-G	Eremiobacterota	P_piliferum	Green	360
S-24-POLPIL-G	Eremiobacterota	P_piliferum	Green	2600
S-25-POLPIL-G	Eremiobacterota	P_piliferum	Green	136
S-26-POLPIL-G	Eremiobacterota	P_piliferum	Green	404
S-27-POLPIL-G	Eremiobacterota	P_piliferum	Green	0
S-3-POLPIL-G	Eremiobacterota	P_piliferum	Green	362
S-4-POLPIL-G	Eremiobacterota	P_piliferum	Green	2517
S-5-POLPIL-G	Eremiobacterota	P_piliferum	Green	4796
S-6-POLPIL-G	Eremiobacterota	P_piliferum	Green	1561
S-7-POLPIL-G	Eremiobacterota	P_piliferum	Green	0
S-8-POLPIL-G	Eremiobacterota	P_piliferum	Green	166
S-9-POLPIL-G	Eremiobacterota	P_piliferum	Green	0
S-10-POLPIL-G	Others	P_piliferum	Green	6268
S-11-POLPIL-G	Others	P_piliferum	Green	9118
S-12-POLPIL-G	Others	P_piliferum	Green	19868
S-13-POLPIL-G	Others	P_piliferum	Green	0
S-14-POLPIL-G	Others	P_piliferum	Green	0
S-15-POLPIL-G	Others	P_piliferum	Green	0
S-16-POLPIL-G	Others	P_piliferum	Green	208
S-17-POLPIL-G	Others	P_piliferum	Green	144
S-18-POLPIL-G	Others	P_piliferum	Green	193
S-19-POLPIL-G	Others	P_piliferum	Green	1769
S-2-POLPIL-G	Others	P_piliferum	Green	1678
S-20-POLPIL-G	Others	P_piliferum	Green	0
S-21-POLPIL-G	Others	P_piliferum	Green	0
S-22-POLPIL-G	Others	P_piliferum	Green	4825
S-23-POLPIL-G	Others	P_piliferum	Green	4986
S-24-POLPIL-G	Others	P_piliferum	Green	2879
S-25-POLPIL-G	Others	P_piliferum	Green	522
S-26-POLPIL-G	Others	P_piliferum	Green	1092
S-27-POLPIL-G	Others	P_piliferum	Green	655
S-3-POLPIL-G	Others	P_piliferum	Green	4540
S-4-POLPIL-G	Others	P_piliferum	Green	3402
S-5-POLPIL-G	Others	P_piliferum	Green	3879
S-6-POLPIL-G	Others	P_piliferum	Green	5734
S-7-POLPIL-G	Others	P_piliferum	Green	1064
S-8-POLPIL-G	Others	P_piliferum	Green	865
S-9-POLPIL-G	Others	P_piliferum	Green	566
S-10-POLPIL-G	Proteobacteria	P_piliferum	Green	16734
S-11-POLPIL-G	Proteobacteria	P_piliferum	Green	17843
S-12-POLPIL-G	Proteobacteria	P_piliferum	Green	23029
S-13-POLPIL-G	Proteobacteria	P_piliferum	Green	13717
S-14-POLPIL-G	Proteobacteria	P_piliferum	Green	10991
S-15-POLPIL-G	Proteobacteria	P_piliferum	Green	25040
S-16-POLPIL-G	Proteobacteria	P_piliferum	Green	12190
S-17-POLPIL-G	Proteobacteria	P_piliferum	Green	23242
S-18-POLPIL-G	Proteobacteria	P_piliferum	Green	21315
S-19-POLPIL-G	Proteobacteria	P_piliferum	Green	19454
S-2-POLPIL-G	Proteobacteria	P_piliferum	Green	27132
S-20-POLPIL-G	Proteobacteria	P_piliferum	Green	12005
S-21-POLPIL-G	Proteobacteria	P_piliferum	Green	6904
S-22-POLPIL-G	Proteobacteria	P_piliferum	Green	22899
S-23-POLPIL-G	Proteobacteria	P_piliferum	Green	35184
S-24-POLPIL-G	Proteobacteria	P_piliferum	Green	39524
S-25-POLPIL-G	Proteobacteria	P_piliferum	Green	30814
S-26-POLPIL-G	Proteobacteria	P_piliferum	Green	38197
S-27-POLPIL-G	Proteobacteria	P_piliferum	Green	15577
S-3-POLPIL-G	Proteobacteria	P_piliferum	Green	26047
S-4-POLPIL-G	Proteobacteria	P_piliferum	Green	19222
S-5-POLPIL-G	Proteobacteria	P_piliferum	Green	30464
S-6-POLPIL-G	Proteobacteria	P_piliferum	Green	30445
S-7-POLPIL-G	Proteobacteria	P_piliferum	Green	17317
S-8-POLPIL-G	Proteobacteria	P_piliferum	Green	8350
S-9-POLPIL-G	Proteobacteria	P_piliferum	Green	13032
S-10-POLPIL-G	Pseudomonadota	P_piliferum	Green	12299
S-11-POLPIL-G	Pseudomonadota	P_piliferum	Green	10248
S-12-POLPIL-G	Pseudomonadota	P_piliferum	Green	15859
S-13-POLPIL-G	Pseudomonadota	P_piliferum	Green	7671
S-14-POLPIL-G	Pseudomonadota	P_piliferum	Green	9078
S-15-POLPIL-G	Pseudomonadota	P_piliferum	Green	7041
S-16-POLPIL-G	Pseudomonadota	P_piliferum	Green	8070
S-17-POLPIL-G	Pseudomonadota	P_piliferum	Green	14188
S-18-POLPIL-G	Pseudomonadota	P_piliferum	Green	19457
S-19-POLPIL-G	Pseudomonadota	P_piliferum	Green	6161
S-2-POLPIL-G	Pseudomonadota	P_piliferum	Green	21673
S-20-POLPIL-G	Pseudomonadota	P_piliferum	Green	4668
S-21-POLPIL-G	Pseudomonadota	P_piliferum	Green	5506
S-22-POLPIL-G	Pseudomonadota	P_piliferum	Green	5879
S-23-POLPIL-G	Pseudomonadota	P_piliferum	Green	8472
S-24-POLPIL-G	Pseudomonadota	P_piliferum	Green	6570
S-25-POLPIL-G	Pseudomonadota	P_piliferum	Green	12298
S-26-POLPIL-G	Pseudomonadota	P_piliferum	Green	11805
S-27-POLPIL-G	Pseudomonadota	P_piliferum	Green	5080
S-3-POLPIL-G	Pseudomonadota	P_piliferum	Green	11388
S-4-POLPIL-G	Pseudomonadota	P_piliferum	Green	10794
S-5-POLPIL-G	Pseudomonadota	P_piliferum	Green	21887
S-6-POLPIL-G	Pseudomonadota	P_piliferum	Green	22340
S-7-POLPIL-G	Pseudomonadota	P_piliferum	Green	11471
S-8-POLPIL-G	Pseudomonadota	P_piliferum	Green	4758
S-9-POLPIL-G	Pseudomonadota	P_piliferum	Green	5414
