"esp","traitement","substrat","frequence","germ"
"calumbi","A1","A","un",0
"calumbi","A1","A","un",0
"calumbi","A1","A","un",1
"calumbi","A1","A","un",0
"calumbi","A1","A","un",1
"calumbi","A1","A","un",1
"calumbi","A1","A","un",1
"calumbi","A1","A","un",1
"calumbi","A1","A","un",0
"calumbi","A1","A","un",1
"calumbi","A1","A","un",0
"calumbi","A1","A","un",1
"calumbi","A1","A","un",1
"calumbi","A1","A","un",1
"calumbi","A1","A","un",1
"calumbi","A1","A","un",0
"calumbi","A1","A","un",1
"calumbi","A1","A","un",0
"calumbi","A1","A","un",1
"calumbi","A1","A","un",0
"calumbi","A1","A","un",0
"calumbi","A1","A","un",0
"calumbi","A1","A","un",1
"calumbi","A1","A","un",0
"calumbi","A1","A","un",1
"calumbi","A1","A","un",0
"calumbi","A1","A","un",1
"calumbi","A1","A","un",1
"calumbi","A1","A","un",1
"calumbi","A1","A","un",0
"calumbi","A1","A","un",1
"calumbi","A1","A","un",0
"calumbi","A1","A","un",1
"calumbi","A1","A","un",1
"calumbi","A1","A","un",0
"calumbi","A1","A","un",0
"calumbi","A1","A","un",1
"calumbi","A1","A","un",1
"calumbi","A1","A","un",1
"calumbi","A1","A","un",1
"calumbi","A1","A","un",0
"calumbi","A1","A","un",1
"calumbi","A1","A","un",0
"calumbi","A1","A","un",1
"calumbi","A1","A","un",0
"calumbi","A1","A","un",0
"calumbi","A1","A","un",0
"calumbi","A1","A","un",1
"calumbi","A1","A","un",0
"calumbi","A1","A","un",1
"calumbi","A1","A","un",0
"calumbi","A1","A","un",0
"calumbi","A1","A","un",0
"calumbi","A1","A","un",0
"calumbi","A1","A","un",0
"calumbi","A1","A","un",0
"calumbi","A1","A","un",0
"calumbi","A1","A","un",0
"calumbi","A1","A","un",0
"calumbi","A1","A","un",1
"calumbi","A1","A","un",0
"calumbi","A1","A","un",0
"calumbi","A1","A","un",0
"calumbi","A1","A","un",0
"calumbi","A1","A","un",0
"calumbi","A1","A","un",0
"calumbi","A1","A","un",1
"calumbi","A1","A","un",0
"calumbi","A1","A","un",1
"calumbi","A1","A","un",0
"calumbi","A1","A","un",0
"calumbi","A1","A","un",0
"calumbi","A1","A","un",0
"calumbi","A1","A","un",0
"calumbi","A1","A","un",0
"calumbi","A1","A","un",0
"calumbi","A1","A","un",0
"calumbi","A1","A","un",1
"calumbi","A1","A","un",1
"calumbi","A1","A","un",0
"calumbi","A1","A","un",0
"calumbi","A1","A","un",0
"calumbi","A1","A","un",0
"calumbi","A1","A","un",0
"calumbi","A1","A","un",0
"calumbi","A1","A","un",0
"calumbi","A1","A","un",0
"calumbi","A1","A","un",0
"calumbi","A1","A","un",1
"calumbi","A1","A","un",1
"calumbi","A1","A","un",0
"calumbi","A1","A","un",0
"calumbi","A1","A","un",0
"calumbi","A1","A","un",0
"calumbi","A1","A","un",0
"calumbi","A1","A","un",0
"calumbi","A1","A","un",0
"calumbi","A1","A","un",0
"calumbi","A1","A","un",0
"calumbi","A1","A","un",1
"calumbi","A3","A","trois",1
"calumbi","A3","A","trois",1
"calumbi","A3","A","trois",0
"calumbi","A3","A","trois",0
"calumbi","A3","A","trois",0
"calumbi","A3","A","trois",1
"calumbi","A3","A","trois",1
"calumbi","A3","A","trois",1
"calumbi","A3","A","trois",1
"calumbi","A3","A","trois",0
"calumbi","A3","A","trois",1
"calumbi","A3","A","trois",0
"calumbi","A3","A","trois",1
"calumbi","A3","A","trois",0
"calumbi","A3","A","trois",1
"calumbi","A3","A","trois",0
"calumbi","A3","A","trois",1
"calumbi","A3","A","trois",1
"calumbi","A3","A","trois",1
"calumbi","A3","A","trois",1
"calumbi","A3","A","trois",0
"calumbi","A3","A","trois",1
"calumbi","A3","A","trois",1
"calumbi","A3","A","trois",1
"calumbi","A3","A","trois",1
"calumbi","A3","A","trois",0
"calumbi","A3","A","trois",1
"calumbi","A3","A","trois",0
"calumbi","A3","A","trois",0
"calumbi","A3","A","trois",1
"calumbi","A3","A","trois",1
"calumbi","A3","A","trois",1
"calumbi","A3","A","trois",0
"calumbi","A3","A","trois",0
"calumbi","A3","A","trois",1
"calumbi","A3","A","trois",1
"calumbi","A3","A","trois",1
"calumbi","A3","A","trois",1
"calumbi","A3","A","trois",1
"calumbi","A3","A","trois",0
"calumbi","A3","A","trois",1
"calumbi","A3","A","trois",1
"calumbi","A3","A","trois",0
"calumbi","A3","A","trois",1
"calumbi","A3","A","trois",0
"calumbi","A3","A","trois",1
"calumbi","A3","A","trois",0
"calumbi","A3","A","trois",0
"calumbi","A3","A","trois",0
"calumbi","A3","A","trois",0
"calumbi","A3","A","trois",0
"calumbi","A3","A","trois",0
"calumbi","A3","A","trois",0
"calumbi","A3","A","trois",0
"calumbi","A3","A","trois",0
"calumbi","A3","A","trois",0
"calumbi","A3","A","trois",1
"calumbi","A3","A","trois",0
"calumbi","A3","A","trois",0
"calumbi","A3","A","trois",0
"calumbi","A3","A","trois",0
"calumbi","A3","A","trois",0
"calumbi","A3","A","trois",1
"calumbi","A3","A","trois",0
"calumbi","A3","A","trois",0
"calumbi","A3","A","trois",0
"calumbi","A3","A","trois",0
"calumbi","A3","A","trois",0
"calumbi","A3","A","trois",0
"calumbi","A3","A","trois",1
"calumbi","A3","A","trois",0
"calumbi","A3","A","trois",0
"calumbi","A3","A","trois",0
"calumbi","A3","A","trois",0
"calumbi","A3","A","trois",0
"calumbi","A3","A","trois",0
"calumbi","A3","A","trois",0
"calumbi","A3","A","trois",0
"calumbi","A3","A","trois",0
"calumbi","A3","A","trois",0
"calumbi","A3","A","trois",0
"calumbi","A3","A","trois",0
"calumbi","A3","A","trois",0
"calumbi","A3","A","trois",0
"calumbi","A3","A","trois",0
"calumbi","A3","A","trois",0
"calumbi","A3","A","trois",0
"calumbi","A3","A","trois",0
"calumbi","A3","A","trois",0
"calumbi","A3","A","trois",0
"calumbi","A3","A","trois",0
"calumbi","A3","A","trois",0
"calumbi","A3","A","trois",0
"calumbi","A3","A","trois",0
"calumbi","A3","A","trois",0
"calumbi","A3","A","trois",0
"calumbi","A3","A","trois",0
"calumbi","A3","A","trois",0
"calumbi","A3","A","trois",0
"calumbi","A3","A","trois",0
"calumbi","S1","S","un",1
"calumbi","S1","S","un",1
"calumbi","S1","S","un",1
"calumbi","S1","S","un",1
"calumbi","S1","S","un",1
"calumbi","S1","S","un",0
"calumbi","S1","S","un",1
"calumbi","S1","S","un",0
"calumbi","S1","S","un",1
"calumbi","S1","S","un",0
"calumbi","S1","S","un",0
"calumbi","S1","S","un",1
"calumbi","S1","S","un",1
"calumbi","S1","S","un",1
"calumbi","S1","S","un",0
"calumbi","S1","S","un",1
"calumbi","S1","S","un",0
"calumbi","S1","S","un",1
"calumbi","S1","S","un",1
"calumbi","S1","S","un",0
"calumbi","S1","S","un",1
"calumbi","S1","S","un",1
"calumbi","S1","S","un",0
"calumbi","S1","S","un",1
"calumbi","S1","S","un",1
"calumbi","S1","S","un",0
"calumbi","S1","S","un",0
"calumbi","S1","S","un",1
"calumbi","S1","S","un",0
"calumbi","S1","S","un",1
"calumbi","S1","S","un",1
"calumbi","S1","S","un",0
"calumbi","S1","S","un",1
"calumbi","S1","S","un",0
"calumbi","S1","S","un",0
"calumbi","S1","S","un",0
"calumbi","S1","S","un",1
"calumbi","S1","S","un",1
"calumbi","S1","S","un",0
"calumbi","S1","S","un",1
"calumbi","S1","S","un",1
"calumbi","S1","S","un",1
"calumbi","S1","S","un",1
"calumbi","S1","S","un",0
"calumbi","S1","S","un",1
"calumbi","S1","S","un",0
"calumbi","S1","S","un",0
"calumbi","S1","S","un",1
"calumbi","S1","S","un",1
"calumbi","S1","S","un",1
"calumbi","S1","S","un",0
"calumbi","S1","S","un",1
"calumbi","S1","S","un",0
"calumbi","S1","S","un",0
"calumbi","S1","S","un",1
"calumbi","S1","S","un",0
"calumbi","S1","S","un",0
"calumbi","S1","S","un",0
"calumbi","S1","S","un",1
"calumbi","S1","S","un",0
"calumbi","S1","S","un",0
"calumbi","S1","S","un",0
"calumbi","S1","S","un",0
"calumbi","S1","S","un",1
"calumbi","S1","S","un",0
"calumbi","S1","S","un",0
"calumbi","S1","S","un",0
"calumbi","S1","S","un",0
"calumbi","S1","S","un",0
"calumbi","S1","S","un",0
"calumbi","S1","S","un",1
"calumbi","S1","S","un",1
"calumbi","S1","S","un",0
"calumbi","S1","S","un",0
"calumbi","S1","S","un",1
"calumbi","S1","S","un",0
"calumbi","S1","S","un",0
"calumbi","S1","S","un",0
"calumbi","S1","S","un",0
"calumbi","S1","S","un",0
"calumbi","S1","S","un",0
"calumbi","S1","S","un",0
"calumbi","S1","S","un",1
"calumbi","S1","S","un",0
"calumbi","S1","S","un",0
"calumbi","S1","S","un",0
"calumbi","S1","S","un",0
"calumbi","S1","S","un",0
"calumbi","S1","S","un",0
"calumbi","S1","S","un",0
"calumbi","S1","S","un",0
"calumbi","S1","S","un",0
"calumbi","S1","S","un",0
"calumbi","S1","S","un",0
"calumbi","S1","S","un",0
"calumbi","S1","S","un",0
"calumbi","S1","S","un",0
"calumbi","S1","S","un",1
"calumbi","S1","S","un",0
"calumbi","S1","S","un",0
"calumbi","S3","S","trois",0
"calumbi","S3","S","trois",1
"calumbi","S3","S","trois",0
"calumbi","S3","S","trois",1
"calumbi","S3","S","trois",0
"calumbi","S3","S","trois",0
"calumbi","S3","S","trois",1
"calumbi","S3","S","trois",0
"calumbi","S3","S","trois",1
"calumbi","S3","S","trois",1
"calumbi","S3","S","trois",1
"calumbi","S3","S","trois",0
"calumbi","S3","S","trois",1
"calumbi","S3","S","trois",1
"calumbi","S3","S","trois",0
"calumbi","S3","S","trois",1
"calumbi","S3","S","trois",1
"calumbi","S3","S","trois",0
"calumbi","S3","S","trois",1
"calumbi","S3","S","trois",1
"calumbi","S3","S","trois",1
"calumbi","S3","S","trois",0
"calumbi","S3","S","trois",1
"calumbi","S3","S","trois",1
"calumbi","S3","S","trois",1
"calumbi","S3","S","trois",1
"calumbi","S3","S","trois",1
"calumbi","S3","S","trois",1
"calumbi","S3","S","trois",1
"calumbi","S3","S","trois",1
"calumbi","S3","S","trois",1
"calumbi","S3","S","trois",1
"calumbi","S3","S","trois",1
"calumbi","S3","S","trois",1
"calumbi","S3","S","trois",0
"calumbi","S3","S","trois",0
"calumbi","S3","S","trois",0
"calumbi","S3","S","trois",1
"calumbi","S3","S","trois",1
"calumbi","S3","S","trois",1
"calumbi","S3","S","trois",1
"calumbi","S3","S","trois",0
"calumbi","S3","S","trois",0
"calumbi","S3","S","trois",1
"calumbi","S3","S","trois",0
"calumbi","S3","S","trois",1
"calumbi","S3","S","trois",1
"calumbi","S3","S","trois",1
"calumbi","S3","S","trois",1
"calumbi","S3","S","trois",1
"calumbi","S3","S","trois",0
"calumbi","S3","S","trois",0
"calumbi","S3","S","trois",0
"calumbi","S3","S","trois",1
"calumbi","S3","S","trois",0
"calumbi","S3","S","trois",0
"calumbi","S3","S","trois",0
"calumbi","S3","S","trois",0
"calumbi","S3","S","trois",1
"calumbi","S3","S","trois",0
"calumbi","S3","S","trois",0
"calumbi","S3","S","trois",0
"calumbi","S3","S","trois",0
"calumbi","S3","S","trois",0
"calumbi","S3","S","trois",0
"calumbi","S3","S","trois",0
"calumbi","S3","S","trois",0
"calumbi","S3","S","trois",0
"calumbi","S3","S","trois",0
"calumbi","S3","S","trois",0
"calumbi","S3","S","trois",0
"calumbi","S3","S","trois",0
"calumbi","S3","S","trois",0
"calumbi","S3","S","trois",0
"calumbi","S3","S","trois",1
"calumbi","S3","S","trois",0
"calumbi","S3","S","trois",1
"calumbi","S3","S","trois",0
"calumbi","S3","S","trois",1
"calumbi","S3","S","trois",0
"calumbi","S3","S","trois",0
"calumbi","S3","S","trois",0
"calumbi","S3","S","trois",0
"calumbi","S3","S","trois",0
"calumbi","S3","S","trois",0
"calumbi","S3","S","trois",0
"calumbi","S3","S","trois",0
"calumbi","S3","S","trois",0
"calumbi","S3","S","trois",0
"calumbi","S3","S","trois",0
"calumbi","S3","S","trois",0
"calumbi","S3","S","trois",0
"calumbi","S3","S","trois",0
"calumbi","S3","S","trois",0
"calumbi","S3","S","trois",0
"calumbi","S3","S","trois",0
"calumbi","S3","S","trois",0
"calumbi","S3","S","trois",1
"calumbi","S3","S","trois",1
"calumbi","S3","S","trois",0
"jamerim","A1","A","un",1
"jamerim","A1","A","un",1
"jamerim","A1","A","un",1
"jamerim","A1","A","un",1
"jamerim","A1","A","un",1
"jamerim","A1","A","un",1
"jamerim","A1","A","un",1
"jamerim","A1","A","un",1
"jamerim","A1","A","un",1
"jamerim","A1","A","un",1
"jamerim","A1","A","un",1
"jamerim","A1","A","un",1
"jamerim","A1","A","un",1
"jamerim","A1","A","un",1
"jamerim","A1","A","un",1
"jamerim","A1","A","un",1
"jamerim","A1","A","un",1
"jamerim","A1","A","un",1
"jamerim","A1","A","un",1
"jamerim","A1","A","un",1
"jamerim","A1","A","un",1
"jamerim","A1","A","un",1
"jamerim","A1","A","un",1
"jamerim","A1","A","un",1
"jamerim","A1","A","un",1
"jamerim","A1","A","un",1
"jamerim","A1","A","un",1
"jamerim","A1","A","un",1
"jamerim","A1","A","un",0
"jamerim","A1","A","un",1
"jamerim","A1","A","un",1
"jamerim","A1","A","un",1
"jamerim","A1","A","un",1
"jamerim","A1","A","un",1
"jamerim","A1","A","un",1
"jamerim","A1","A","un",1
"jamerim","A1","A","un",1
"jamerim","A1","A","un",1
"jamerim","A1","A","un",1
"jamerim","A1","A","un",1
"jamerim","A1","A","un",1
"jamerim","A1","A","un",1
"jamerim","A1","A","un",1
"jamerim","A1","A","un",1
"jamerim","A1","A","un",1
"jamerim","A1","A","un",0
"jamerim","A1","A","un",1
"jamerim","A1","A","un",1
"jamerim","A1","A","un",1
"jamerim","A1","A","un",1
"jamerim","A1","A","un",1
"jamerim","A1","A","un",1
"jamerim","A1","A","un",1
"jamerim","A1","A","un",1
"jamerim","A1","A","un",1
"jamerim","A1","A","un",1
"jamerim","A1","A","un",1
"jamerim","A1","A","un",0
"jamerim","A1","A","un",1
"jamerim","A1","A","un",1
"jamerim","A1","A","un",0
"jamerim","A1","A","un",1
"jamerim","A1","A","un",1
"jamerim","A1","A","un",1
"jamerim","A1","A","un",1
"jamerim","A1","A","un",0
"jamerim","A1","A","un",1
"jamerim","A1","A","un",1
"jamerim","A1","A","un",1
"jamerim","A1","A","un",1
"jamerim","A1","A","un",1
"jamerim","A1","A","un",1
"jamerim","A1","A","un",1
"jamerim","A1","A","un",1
"jamerim","A1","A","un",1
"jamerim","A1","A","un",1
"jamerim","A1","A","un",0
"jamerim","A1","A","un",1
"jamerim","A1","A","un",0
"jamerim","A1","A","un",0
"jamerim","A1","A","un",0
"jamerim","A1","A","un",1
"jamerim","A1","A","un",1
"jamerim","A1","A","un",1
"jamerim","A1","A","un",1
"jamerim","A1","A","un",0
"jamerim","A1","A","un",1
"jamerim","A1","A","un",0
"jamerim","A1","A","un",1
"jamerim","A1","A","un",1
"jamerim","A1","A","un",1
"jamerim","A1","A","un",1
"jamerim","A1","A","un",1
"jamerim","A1","A","un",1
"jamerim","A1","A","un",1
"jamerim","A1","A","un",0
"jamerim","A1","A","un",1
"jamerim","A1","A","un",0
"jamerim","A1","A","un",0
"jamerim","A1","A","un",1
"jamerim","A3","A","trois",1
"jamerim","A3","A","trois",1
"jamerim","A3","A","trois",1
"jamerim","A3","A","trois",1
"jamerim","A3","A","trois",1
"jamerim","A3","A","trois",1
"jamerim","A3","A","trois",1
"jamerim","A3","A","trois",1
"jamerim","A3","A","trois",1
"jamerim","A3","A","trois",1
"jamerim","A3","A","trois",1
"jamerim","A3","A","trois",1
"jamerim","A3","A","trois",1
"jamerim","A3","A","trois",1
"jamerim","A3","A","trois",1
"jamerim","A3","A","trois",1
"jamerim","A3","A","trois",1
"jamerim","A3","A","trois",1
"jamerim","A3","A","trois",1
"jamerim","A3","A","trois",1
"jamerim","A3","A","trois",1
"jamerim","A3","A","trois",1
"jamerim","A3","A","trois",1
"jamerim","A3","A","trois",1
"jamerim","A3","A","trois",1
"jamerim","A3","A","trois",1
"jamerim","A3","A","trois",1
"jamerim","A3","A","trois",1
"jamerim","A3","A","trois",1
"jamerim","A3","A","trois",1
"jamerim","A3","A","trois",1
"jamerim","A3","A","trois",1
"jamerim","A3","A","trois",1
"jamerim","A3","A","trois",1
"jamerim","A3","A","trois",1
"jamerim","A3","A","trois",1
"jamerim","A3","A","trois",1
"jamerim","A3","A","trois",1
"jamerim","A3","A","trois",1
"jamerim","A3","A","trois",1
"jamerim","A3","A","trois",1
"jamerim","A3","A","trois",1
"jamerim","A3","A","trois",1
"jamerim","A3","A","trois",1
"jamerim","A3","A","trois",1
"jamerim","A3","A","trois",1
"jamerim","A3","A","trois",1
"jamerim","A3","A","trois",1
"jamerim","A3","A","trois",1
"jamerim","A3","A","trois",1
"jamerim","A3","A","trois",1
"jamerim","A3","A","trois",1
"jamerim","A3","A","trois",1
"jamerim","A3","A","trois",1
"jamerim","A3","A","trois",1
"jamerim","A3","A","trois",0
"jamerim","A3","A","trois",1
"jamerim","A3","A","trois",1
"jamerim","A3","A","trois",1
"jamerim","A3","A","trois",1
"jamerim","A3","A","trois",1
"jamerim","A3","A","trois",0
"jamerim","A3","A","trois",0
"jamerim","A3","A","trois",1
"jamerim","A3","A","trois",0
"jamerim","A3","A","trois",1
"jamerim","A3","A","trois",1
"jamerim","A3","A","trois",0
"jamerim","A3","A","trois",1
"jamerim","A3","A","trois",0
"jamerim","A3","A","trois",1
"jamerim","A3","A","trois",0
"jamerim","A3","A","trois",0
"jamerim","A3","A","trois",1
"jamerim","A3","A","trois",0
"jamerim","A3","A","trois",1
"jamerim","A3","A","trois",1
"jamerim","A3","A","trois",1
"jamerim","A3","A","trois",1
"jamerim","A3","A","trois",1
"jamerim","A3","A","trois",0
"jamerim","A3","A","trois",0
"jamerim","A3","A","trois",1
"jamerim","A3","A","trois",1
"jamerim","A3","A","trois",1
"jamerim","A3","A","trois",1
"jamerim","A3","A","trois",0
"jamerim","A3","A","trois",1
"jamerim","A3","A","trois",1
"jamerim","A3","A","trois",0
"jamerim","A3","A","trois",1
"jamerim","A3","A","trois",1
"jamerim","A3","A","trois",1
"jamerim","A3","A","trois",0
"jamerim","A3","A","trois",0
"jamerim","A3","A","trois",1
"jamerim","A3","A","trois",1
"jamerim","A3","A","trois",0
"jamerim","A3","A","trois",0
"jamerim","A3","A","trois",0
"jamerim","S1","S","un",1
"jamerim","S1","S","un",1
"jamerim","S1","S","un",0
"jamerim","S1","S","un",1
"jamerim","S1","S","un",1
"jamerim","S1","S","un",1
"jamerim","S1","S","un",1
"jamerim","S1","S","un",1
"jamerim","S1","S","un",1
"jamerim","S1","S","un",1
"jamerim","S1","S","un",1
"jamerim","S1","S","un",1
"jamerim","S1","S","un",1
"jamerim","S1","S","un",1
"jamerim","S1","S","un",1
"jamerim","S1","S","un",1
"jamerim","S1","S","un",1
"jamerim","S1","S","un",1
"jamerim","S1","S","un",1
"jamerim","S1","S","un",1
"jamerim","S1","S","un",1
"jamerim","S1","S","un",1
"jamerim","S1","S","un",0
"jamerim","S1","S","un",1
"jamerim","S1","S","un",1
"jamerim","S1","S","un",1
"jamerim","S1","S","un",1
"jamerim","S1","S","un",1
"jamerim","S1","S","un",1
"jamerim","S1","S","un",1
"jamerim","S1","S","un",1
"jamerim","S1","S","un",1
"jamerim","S1","S","un",1
"jamerim","S1","S","un",1
"jamerim","S1","S","un",0
"jamerim","S1","S","un",1
"jamerim","S1","S","un",1
"jamerim","S1","S","un",1
"jamerim","S1","S","un",1
"jamerim","S1","S","un",1
"jamerim","S1","S","un",1
"jamerim","S1","S","un",0
"jamerim","S1","S","un",1
"jamerim","S1","S","un",1
"jamerim","S1","S","un",1
"jamerim","S1","S","un",1
"jamerim","S1","S","un",1
"jamerim","S1","S","un",1
"jamerim","S1","S","un",1
"jamerim","S1","S","un",1
"jamerim","S1","S","un",1
"jamerim","S1","S","un",0
"jamerim","S1","S","un",0
"jamerim","S1","S","un",1
"jamerim","S1","S","un",0
"jamerim","S1","S","un",1
"jamerim","S1","S","un",0
"jamerim","S1","S","un",1
"jamerim","S1","S","un",0
"jamerim","S1","S","un",0
"jamerim","S1","S","un",1
"jamerim","S1","S","un",1
"jamerim","S1","S","un",0
"jamerim","S1","S","un",1
"jamerim","S1","S","un",0
"jamerim","S1","S","un",1
"jamerim","S1","S","un",1
"jamerim","S1","S","un",1
"jamerim","S1","S","un",1
"jamerim","S1","S","un",1
"jamerim","S1","S","un",0
"jamerim","S1","S","un",1
"jamerim","S1","S","un",0
"jamerim","S1","S","un",1
"jamerim","S1","S","un",1
"jamerim","S1","S","un",0
"jamerim","S1","S","un",0
"jamerim","S1","S","un",1
"jamerim","S1","S","un",0
"jamerim","S1","S","un",1
"jamerim","S1","S","un",1
"jamerim","S1","S","un",0
"jamerim","S1","S","un",0
"jamerim","S1","S","un",1
"jamerim","S1","S","un",0
"jamerim","S1","S","un",0
"jamerim","S1","S","un",1
"jamerim","S1","S","un",0
"jamerim","S1","S","un",1
"jamerim","S1","S","un",0
"jamerim","S1","S","un",1
"jamerim","S1","S","un",0
"jamerim","S1","S","un",1
"jamerim","S1","S","un",1
"jamerim","S1","S","un",1
"jamerim","S1","S","un",0
"jamerim","S1","S","un",1
"jamerim","S1","S","un",0
"jamerim","S1","S","un",0
"jamerim","S1","S","un",1
"jamerim","S3","S","trois",1
"jamerim","S3","S","trois",0
"jamerim","S3","S","trois",1
"jamerim","S3","S","trois",1
"jamerim","S3","S","trois",1
"jamerim","S3","S","trois",1
"jamerim","S3","S","trois",1
"jamerim","S3","S","trois",1
"jamerim","S3","S","trois",1
"jamerim","S3","S","trois",1
"jamerim","S3","S","trois",1
"jamerim","S3","S","trois",1
"jamerim","S3","S","trois",1
"jamerim","S3","S","trois",1
"jamerim","S3","S","trois",1
"jamerim","S3","S","trois",1
"jamerim","S3","S","trois",1
"jamerim","S3","S","trois",1
"jamerim","S3","S","trois",1
"jamerim","S3","S","trois",1
"jamerim","S3","S","trois",0
"jamerim","S3","S","trois",1
"jamerim","S3","S","trois",1
"jamerim","S3","S","trois",1
"jamerim","S3","S","trois",1
"jamerim","S3","S","trois",1
"jamerim","S3","S","trois",0
"jamerim","S3","S","trois",1
"jamerim","S3","S","trois",1
"jamerim","S3","S","trois",1
"jamerim","S3","S","trois",0
"jamerim","S3","S","trois",0
"jamerim","S3","S","trois",1
"jamerim","S3","S","trois",1
"jamerim","S3","S","trois",1
"jamerim","S3","S","trois",1
"jamerim","S3","S","trois",1
"jamerim","S3","S","trois",0
"jamerim","S3","S","trois",1
"jamerim","S3","S","trois",1
"jamerim","S3","S","trois",1
"jamerim","S3","S","trois",1
"jamerim","S3","S","trois",1
"jamerim","S3","S","trois",1
"jamerim","S3","S","trois",1
"jamerim","S3","S","trois",1
"jamerim","S3","S","trois",1
"jamerim","S3","S","trois",0
"jamerim","S3","S","trois",1
"jamerim","S3","S","trois",1
"jamerim","S3","S","trois",1
"jamerim","S3","S","trois",0
"jamerim","S3","S","trois",1
"jamerim","S3","S","trois",1
"jamerim","S3","S","trois",0
"jamerim","S3","S","trois",1
"jamerim","S3","S","trois",1
"jamerim","S3","S","trois",1
"jamerim","S3","S","trois",0
"jamerim","S3","S","trois",0
"jamerim","S3","S","trois",1
"jamerim","S3","S","trois",0
"jamerim","S3","S","trois",0
"jamerim","S3","S","trois",0
"jamerim","S3","S","trois",1
"jamerim","S3","S","trois",1
"jamerim","S3","S","trois",1
"jamerim","S3","S","trois",0
"jamerim","S3","S","trois",0
"jamerim","S3","S","trois",0
"jamerim","S3","S","trois",0
"jamerim","S3","S","trois",1
"jamerim","S3","S","trois",0
"jamerim","S3","S","trois",1
"jamerim","S3","S","trois",0
"jamerim","S3","S","trois",0
"jamerim","S3","S","trois",0
"jamerim","S3","S","trois",1
"jamerim","S3","S","trois",1
"jamerim","S3","S","trois",0
"jamerim","S3","S","trois",0
"jamerim","S3","S","trois",0
"jamerim","S3","S","trois",0
"jamerim","S3","S","trois",1
"jamerim","S3","S","trois",0
"jamerim","S3","S","trois",0
"jamerim","S3","S","trois",0
"jamerim","S3","S","trois",0
"jamerim","S3","S","trois",1
"jamerim","S3","S","trois",0
"jamerim","S3","S","trois",0
"jamerim","S3","S","trois",0
"jamerim","S3","S","trois",0
"jamerim","S3","S","trois",0
"jamerim","S3","S","trois",0
"jamerim","S3","S","trois",0
"jamerim","S3","S","trois",0
"jamerim","S3","S","trois",0
"jamerim","S3","S","trois",0
"jamerim","S3","S","trois",0
"pajeuzeiro","A1","A","un",0
"pajeuzeiro","A1","A","un",0
"pajeuzeiro","A1","A","un",0
"pajeuzeiro","A1","A","un",0
"pajeuzeiro","A1","A","un",1
"pajeuzeiro","A1","A","un",0
"pajeuzeiro","A1","A","un",0
"pajeuzeiro","A1","A","un",0
"pajeuzeiro","A1","A","un",0
"pajeuzeiro","A1","A","un",0
"pajeuzeiro","A1","A","un",0
"pajeuzeiro","A1","A","un",0
"pajeuzeiro","A1","A","un",0
"pajeuzeiro","A1","A","un",0
"pajeuzeiro","A1","A","un",0
"pajeuzeiro","A1","A","un",0
"pajeuzeiro","A1","A","un",0
"pajeuzeiro","A1","A","un",0
"pajeuzeiro","A1","A","un",0
"pajeuzeiro","A1","A","un",0
"pajeuzeiro","A1","A","un",0
"pajeuzeiro","A1","A","un",0
"pajeuzeiro","A1","A","un",1
"pajeuzeiro","A1","A","un",0
"pajeuzeiro","A1","A","un",0
"pajeuzeiro","A1","A","un",0
"pajeuzeiro","A1","A","un",0
"pajeuzeiro","A1","A","un",0
"pajeuzeiro","A1","A","un",1
"pajeuzeiro","A1","A","un",0
"pajeuzeiro","A1","A","un",0
"pajeuzeiro","A1","A","un",0
"pajeuzeiro","A1","A","un",0
"pajeuzeiro","A1","A","un",1
"pajeuzeiro","A1","A","un",0
"pajeuzeiro","A1","A","un",0
"pajeuzeiro","A1","A","un",0
"pajeuzeiro","A1","A","un",0
"pajeuzeiro","A1","A","un",0
"pajeuzeiro","A1","A","un",0
"pajeuzeiro","A1","A","un",1
"pajeuzeiro","A1","A","un",0
"pajeuzeiro","A1","A","un",0
"pajeuzeiro","A1","A","un",0
"pajeuzeiro","A1","A","un",0
"pajeuzeiro","A1","A","un",0
"pajeuzeiro","A1","A","un",0
"pajeuzeiro","A1","A","un",0
"pajeuzeiro","A1","A","un",0
"pajeuzeiro","A1","A","un",1
"pajeuzeiro","A1","A","un",0
"pajeuzeiro","A1","A","un",0
"pajeuzeiro","A1","A","un",0
"pajeuzeiro","A1","A","un",0
"pajeuzeiro","A1","A","un",0
"pajeuzeiro","A1","A","un",0
"pajeuzeiro","A1","A","un",0
"pajeuzeiro","A1","A","un",0
"pajeuzeiro","A1","A","un",0
"pajeuzeiro","A1","A","un",0
"pajeuzeiro","A1","A","un",0
"pajeuzeiro","A1","A","un",0
"pajeuzeiro","A1","A","un",0
"pajeuzeiro","A1","A","un",0
"pajeuzeiro","A1","A","un",0
"pajeuzeiro","A1","A","un",0
"pajeuzeiro","A1","A","un",0
"pajeuzeiro","A1","A","un",0
"pajeuzeiro","A1","A","un",0
"pajeuzeiro","A1","A","un",0
"pajeuzeiro","A1","A","un",0
"pajeuzeiro","A1","A","un",0
"pajeuzeiro","A1","A","un",0
"pajeuzeiro","A1","A","un",0
"pajeuzeiro","A1","A","un",0
"pajeuzeiro","A1","A","un",0
"pajeuzeiro","A1","A","un",0
"pajeuzeiro","A1","A","un",0
"pajeuzeiro","A1","A","un",0
"pajeuzeiro","A1","A","un",0
"pajeuzeiro","A1","A","un",0
"pajeuzeiro","A1","A","un",0
"pajeuzeiro","A1","A","un",0
"pajeuzeiro","A1","A","un",1
"pajeuzeiro","A1","A","un",0
"pajeuzeiro","A1","A","un",0
"pajeuzeiro","A1","A","un",0
"pajeuzeiro","A1","A","un",0
"pajeuzeiro","A1","A","un",0
"pajeuzeiro","A1","A","un",0
"pajeuzeiro","A1","A","un",0
"pajeuzeiro","A1","A","un",0
"pajeuzeiro","A1","A","un",0
"pajeuzeiro","A1","A","un",0
"pajeuzeiro","A1","A","un",0
"pajeuzeiro","A1","A","un",0
"pajeuzeiro","A1","A","un",0
"pajeuzeiro","A1","A","un",0
"pajeuzeiro","A1","A","un",0
"pajeuzeiro","A1","A","un",0
"pajeuzeiro","A3","A","trois",0
"pajeuzeiro","A3","A","trois",0
"pajeuzeiro","A3","A","trois",0
"pajeuzeiro","A3","A","trois",0
"pajeuzeiro","A3","A","trois",0
"pajeuzeiro","A3","A","trois",0
"pajeuzeiro","A3","A","trois",0
"pajeuzeiro","A3","A","trois",1
"pajeuzeiro","A3","A","trois",0
"pajeuzeiro","A3","A","trois",0
"pajeuzeiro","A3","A","trois",0
"pajeuzeiro","A3","A","trois",0
"pajeuzeiro","A3","A","trois",0
"pajeuzeiro","A3","A","trois",0
"pajeuzeiro","A3","A","trois",0
"pajeuzeiro","A3","A","trois",0
"pajeuzeiro","A3","A","trois",0
"pajeuzeiro","A3","A","trois",0
"pajeuzeiro","A3","A","trois",0
"pajeuzeiro","A3","A","trois",0
"pajeuzeiro","A3","A","trois",0
"pajeuzeiro","A3","A","trois",0
"pajeuzeiro","A3","A","trois",0
"pajeuzeiro","A3","A","trois",0
"pajeuzeiro","A3","A","trois",0
"pajeuzeiro","A3","A","trois",0
"pajeuzeiro","A3","A","trois",0
"pajeuzeiro","A3","A","trois",0
"pajeuzeiro","A3","A","trois",0
"pajeuzeiro","A3","A","trois",0
"pajeuzeiro","A3","A","trois",0
"pajeuzeiro","A3","A","trois",0
"pajeuzeiro","A3","A","trois",0
"pajeuzeiro","A3","A","trois",0
"pajeuzeiro","A3","A","trois",0
"pajeuzeiro","A3","A","trois",0
"pajeuzeiro","A3","A","trois",0
"pajeuzeiro","A3","A","trois",0
"pajeuzeiro","A3","A","trois",0
"pajeuzeiro","A3","A","trois",0
"pajeuzeiro","A3","A","trois",0
"pajeuzeiro","A3","A","trois",0
"pajeuzeiro","A3","A","trois",1
"pajeuzeiro","A3","A","trois",0
"pajeuzeiro","A3","A","trois",0
"pajeuzeiro","A3","A","trois",0
"pajeuzeiro","A3","A","trois",0
"pajeuzeiro","A3","A","trois",0
"pajeuzeiro","A3","A","trois",0
"pajeuzeiro","A3","A","trois",1
"pajeuzeiro","A3","A","trois",0
"pajeuzeiro","A3","A","trois",0
"pajeuzeiro","A3","A","trois",0
"pajeuzeiro","A3","A","trois",0
"pajeuzeiro","A3","A","trois",0
"pajeuzeiro","A3","A","trois",0
"pajeuzeiro","A3","A","trois",0
"pajeuzeiro","A3","A","trois",0
"pajeuzeiro","A3","A","trois",0
"pajeuzeiro","A3","A","trois",0
"pajeuzeiro","A3","A","trois",0
"pajeuzeiro","A3","A","trois",0
"pajeuzeiro","A3","A","trois",0
"pajeuzeiro","A3","A","trois",0
"pajeuzeiro","A3","A","trois",0
"pajeuzeiro","A3","A","trois",0
"pajeuzeiro","A3","A","trois",0
"pajeuzeiro","A3","A","trois",0
"pajeuzeiro","A3","A","trois",0
"pajeuzeiro","A3","A","trois",0
"pajeuzeiro","A3","A","trois",0
"pajeuzeiro","A3","A","trois",0
"pajeuzeiro","A3","A","trois",0
"pajeuzeiro","A3","A","trois",0
"pajeuzeiro","A3","A","trois",0
"pajeuzeiro","A3","A","trois",0
"pajeuzeiro","A3","A","trois",0
"pajeuzeiro","A3","A","trois",0
"pajeuzeiro","A3","A","trois",0
"pajeuzeiro","A3","A","trois",0
"pajeuzeiro","A3","A","trois",0
"pajeuzeiro","A3","A","trois",0
"pajeuzeiro","A3","A","trois",0
"pajeuzeiro","A3","A","trois",0
"pajeuzeiro","A3","A","trois",0
"pajeuzeiro","A3","A","trois",0
"pajeuzeiro","A3","A","trois",0
"pajeuzeiro","A3","A","trois",0
"pajeuzeiro","A3","A","trois",0
"pajeuzeiro","A3","A","trois",0
"pajeuzeiro","A3","A","trois",0
"pajeuzeiro","A3","A","trois",0
"pajeuzeiro","A3","A","trois",0
"pajeuzeiro","A3","A","trois",0
"pajeuzeiro","A3","A","trois",0
"pajeuzeiro","A3","A","trois",0
"pajeuzeiro","A3","A","trois",0
"pajeuzeiro","A3","A","trois",0
"pajeuzeiro","A3","A","trois",0
"pajeuzeiro","A3","A","trois",0
"pajeuzeiro","S1","S","un",0
"pajeuzeiro","S1","S","un",1
"pajeuzeiro","S1","S","un",0
"pajeuzeiro","S1","S","un",0
"pajeuzeiro","S1","S","un",0
"pajeuzeiro","S1","S","un",0
"pajeuzeiro","S1","S","un",1
"pajeuzeiro","S1","S","un",0
"pajeuzeiro","S1","S","un",0
"pajeuzeiro","S1","S","un",0
"pajeuzeiro","S1","S","un",1
"pajeuzeiro","S1","S","un",0
"pajeuzeiro","S1","S","un",0
"pajeuzeiro","S1","S","un",1
"pajeuzeiro","S1","S","un",1
"pajeuzeiro","S1","S","un",0
"pajeuzeiro","S1","S","un",0
"pajeuzeiro","S1","S","un",0
"pajeuzeiro","S1","S","un",0
"pajeuzeiro","S1","S","un",0
"pajeuzeiro","S1","S","un",0
"pajeuzeiro","S1","S","un",1
"pajeuzeiro","S1","S","un",0
"pajeuzeiro","S1","S","un",0
"pajeuzeiro","S1","S","un",0
"pajeuzeiro","S1","S","un",0
"pajeuzeiro","S1","S","un",0
"pajeuzeiro","S1","S","un",0
"pajeuzeiro","S1","S","un",0
"pajeuzeiro","S1","S","un",0
"pajeuzeiro","S1","S","un",1
"pajeuzeiro","S1","S","un",1
"pajeuzeiro","S1","S","un",0
"pajeuzeiro","S1","S","un",0
"pajeuzeiro","S1","S","un",0
"pajeuzeiro","S1","S","un",0
"pajeuzeiro","S1","S","un",0
"pajeuzeiro","S1","S","un",0
"pajeuzeiro","S1","S","un",0
"pajeuzeiro","S1","S","un",0
"pajeuzeiro","S1","S","un",0
"pajeuzeiro","S1","S","un",0
"pajeuzeiro","S1","S","un",1
"pajeuzeiro","S1","S","un",0
"pajeuzeiro","S1","S","un",0
"pajeuzeiro","S1","S","un",0
"pajeuzeiro","S1","S","un",0
"pajeuzeiro","S1","S","un",0
"pajeuzeiro","S1","S","un",0
"pajeuzeiro","S1","S","un",0
"pajeuzeiro","S1","S","un",0
"pajeuzeiro","S1","S","un",0
"pajeuzeiro","S1","S","un",0
"pajeuzeiro","S1","S","un",0
"pajeuzeiro","S1","S","un",0
"pajeuzeiro","S1","S","un",0
"pajeuzeiro","S1","S","un",0
"pajeuzeiro","S1","S","un",0
"pajeuzeiro","S1","S","un",0
"pajeuzeiro","S1","S","un",0
"pajeuzeiro","S1","S","un",0
"pajeuzeiro","S1","S","un",0
"pajeuzeiro","S1","S","un",0
"pajeuzeiro","S1","S","un",0
"pajeuzeiro","S1","S","un",0
"pajeuzeiro","S1","S","un",0
"pajeuzeiro","S1","S","un",0
"pajeuzeiro","S1","S","un",0
"pajeuzeiro","S1","S","un",0
"pajeuzeiro","S1","S","un",0
"pajeuzeiro","S1","S","un",0
"pajeuzeiro","S1","S","un",0
"pajeuzeiro","S1","S","un",0
"pajeuzeiro","S1","S","un",0
"pajeuzeiro","S1","S","un",0
"pajeuzeiro","S1","S","un",0
"pajeuzeiro","S1","S","un",0
"pajeuzeiro","S1","S","un",0
"pajeuzeiro","S1","S","un",0
"pajeuzeiro","S1","S","un",0
"pajeuzeiro","S1","S","un",0
"pajeuzeiro","S1","S","un",0
"pajeuzeiro","S1","S","un",0
"pajeuzeiro","S1","S","un",0
"pajeuzeiro","S1","S","un",0
"pajeuzeiro","S1","S","un",0
"pajeuzeiro","S1","S","un",0
"pajeuzeiro","S1","S","un",0
"pajeuzeiro","S1","S","un",0
"pajeuzeiro","S1","S","un",0
"pajeuzeiro","S1","S","un",0
"pajeuzeiro","S1","S","un",0
"pajeuzeiro","S1","S","un",0
"pajeuzeiro","S1","S","un",0
"pajeuzeiro","S1","S","un",0
"pajeuzeiro","S1","S","un",0
"pajeuzeiro","S1","S","un",0
"pajeuzeiro","S1","S","un",0
"pajeuzeiro","S1","S","un",0
"pajeuzeiro","S1","S","un",0
"pajeuzeiro","S3","S","trois",0
"pajeuzeiro","S3","S","trois",0
"pajeuzeiro","S3","S","trois",0
"pajeuzeiro","S3","S","trois",0
"pajeuzeiro","S3","S","trois",0
"pajeuzeiro","S3","S","trois",1
"pajeuzeiro","S3","S","trois",0
"pajeuzeiro","S3","S","trois",0
"pajeuzeiro","S3","S","trois",0
"pajeuzeiro","S3","S","trois",0
"pajeuzeiro","S3","S","trois",0
"pajeuzeiro","S3","S","trois",0
"pajeuzeiro","S3","S","trois",0
"pajeuzeiro","S3","S","trois",0
"pajeuzeiro","S3","S","trois",0
"pajeuzeiro","S3","S","trois",1
"pajeuzeiro","S3","S","trois",1
"pajeuzeiro","S3","S","trois",0
"pajeuzeiro","S3","S","trois",0
"pajeuzeiro","S3","S","trois",0
"pajeuzeiro","S3","S","trois",0
"pajeuzeiro","S3","S","trois",0
"pajeuzeiro","S3","S","trois",0
"pajeuzeiro","S3","S","trois",0
"pajeuzeiro","S3","S","trois",0
"pajeuzeiro","S3","S","trois",0
"pajeuzeiro","S3","S","trois",0
"pajeuzeiro","S3","S","trois",0
"pajeuzeiro","S3","S","trois",1
"pajeuzeiro","S3","S","trois",0
"pajeuzeiro","S3","S","trois",0
"pajeuzeiro","S3","S","trois",0
"pajeuzeiro","S3","S","trois",1
"pajeuzeiro","S3","S","trois",0
"pajeuzeiro","S3","S","trois",0
"pajeuzeiro","S3","S","trois",0
"pajeuzeiro","S3","S","trois",0
"pajeuzeiro","S3","S","trois",0
"pajeuzeiro","S3","S","trois",0
"pajeuzeiro","S3","S","trois",0
"pajeuzeiro","S3","S","trois",1
"pajeuzeiro","S3","S","trois",1
"pajeuzeiro","S3","S","trois",0
"pajeuzeiro","S3","S","trois",0
"pajeuzeiro","S3","S","trois",0
"pajeuzeiro","S3","S","trois",0
"pajeuzeiro","S3","S","trois",0
"pajeuzeiro","S3","S","trois",0
"pajeuzeiro","S3","S","trois",1
"pajeuzeiro","S3","S","trois",0
"pajeuzeiro","S3","S","trois",0
"pajeuzeiro","S3","S","trois",0
"pajeuzeiro","S3","S","trois",0
"pajeuzeiro","S3","S","trois",0
"pajeuzeiro","S3","S","trois",0
"pajeuzeiro","S3","S","trois",0
"pajeuzeiro","S3","S","trois",0
"pajeuzeiro","S3","S","trois",0
"pajeuzeiro","S3","S","trois",0
"pajeuzeiro","S3","S","trois",0
"pajeuzeiro","S3","S","trois",0
"pajeuzeiro","S3","S","trois",0
"pajeuzeiro","S3","S","trois",0
"pajeuzeiro","S3","S","trois",0
"pajeuzeiro","S3","S","trois",0
"pajeuzeiro","S3","S","trois",0
"pajeuzeiro","S3","S","trois",1
"pajeuzeiro","S3","S","trois",0
"pajeuzeiro","S3","S","trois",0
"pajeuzeiro","S3","S","trois",0
"pajeuzeiro","S3","S","trois",0
"pajeuzeiro","S3","S","trois",0
"pajeuzeiro","S3","S","trois",0
"pajeuzeiro","S3","S","trois",0
"pajeuzeiro","S3","S","trois",0
"pajeuzeiro","S3","S","trois",0
"pajeuzeiro","S3","S","trois",0
"pajeuzeiro","S3","S","trois",0
"pajeuzeiro","S3","S","trois",0
"pajeuzeiro","S3","S","trois",0
"pajeuzeiro","S3","S","trois",0
"pajeuzeiro","S3","S","trois",0
"pajeuzeiro","S3","S","trois",0
"pajeuzeiro","S3","S","trois",0
"pajeuzeiro","S3","S","trois",0
"pajeuzeiro","S3","S","trois",0
"pajeuzeiro","S3","S","trois",0
"pajeuzeiro","S3","S","trois",0
"pajeuzeiro","S3","S","trois",0
"pajeuzeiro","S3","S","trois",0
"pajeuzeiro","S3","S","trois",1
"pajeuzeiro","S3","S","trois",0
"pajeuzeiro","S3","S","trois",0
"pajeuzeiro","S3","S","trois",0
"pajeuzeiro","S3","S","trois",0
"pajeuzeiro","S3","S","trois",0
"pajeuzeiro","S3","S","trois",0
"pajeuzeiro","S3","S","trois",0
"pajeuzeiro","S3","S","trois",0
"pajeuzeiro","S3","S","trois",0
"saboneteiro","A1","A","un",1
"saboneteiro","A1","A","un",1
"saboneteiro","A1","A","un",1
"saboneteiro","A1","A","un",1
"saboneteiro","A1","A","un",1
"saboneteiro","A1","A","un",1
"saboneteiro","A1","A","un",1
"saboneteiro","A1","A","un",1
"saboneteiro","A1","A","un",1
"saboneteiro","A1","A","un",1
"saboneteiro","A1","A","un",1
"saboneteiro","A1","A","un",0
"saboneteiro","A1","A","un",1
"saboneteiro","A1","A","un",1
"saboneteiro","A1","A","un",1
"saboneteiro","A1","A","un",0
"saboneteiro","A1","A","un",1
"saboneteiro","A1","A","un",1
"saboneteiro","A1","A","un",1
"saboneteiro","A1","A","un",1
"saboneteiro","A1","A","un",1
"saboneteiro","A1","A","un",1
"saboneteiro","A1","A","un",1
"saboneteiro","A1","A","un",1
"saboneteiro","A1","A","un",1
"saboneteiro","A1","A","un",1
"saboneteiro","A1","A","un",1
"saboneteiro","A1","A","un",1
"saboneteiro","A1","A","un",1
"saboneteiro","A1","A","un",0
"saboneteiro","A1","A","un",1
"saboneteiro","A1","A","un",1
"saboneteiro","A1","A","un",1
"saboneteiro","A1","A","un",0
"saboneteiro","A1","A","un",1
"saboneteiro","A1","A","un",1
"saboneteiro","A1","A","un",1
"saboneteiro","A1","A","un",1
"saboneteiro","A1","A","un",1
"saboneteiro","A1","A","un",1
"saboneteiro","A1","A","un",1
"saboneteiro","A1","A","un",1
"saboneteiro","A1","A","un",1
"saboneteiro","A1","A","un",1
"saboneteiro","A1","A","un",1
"saboneteiro","A1","A","un",1
"saboneteiro","A1","A","un",1
"saboneteiro","A1","A","un",1
"saboneteiro","A1","A","un",1
"saboneteiro","A1","A","un",1
"saboneteiro","A1","A","un",1
"saboneteiro","A1","A","un",0
"saboneteiro","A1","A","un",1
"saboneteiro","A1","A","un",1
"saboneteiro","A1","A","un",1
"saboneteiro","A1","A","un",1
"saboneteiro","A1","A","un",0
"saboneteiro","A1","A","un",1
"saboneteiro","A1","A","un",1
"saboneteiro","A1","A","un",1
"saboneteiro","A1","A","un",1
"saboneteiro","A1","A","un",0
"saboneteiro","A1","A","un",0
"saboneteiro","A1","A","un",1
"saboneteiro","A1","A","un",0
"saboneteiro","A1","A","un",0
"saboneteiro","A1","A","un",0
"saboneteiro","A1","A","un",1
"saboneteiro","A1","A","un",0
"saboneteiro","A1","A","un",1
"saboneteiro","A1","A","un",1
"saboneteiro","A1","A","un",0
"saboneteiro","A1","A","un",1
"saboneteiro","A1","A","un",0
"saboneteiro","A1","A","un",1
"saboneteiro","A1","A","un",0
"saboneteiro","A1","A","un",0
"saboneteiro","A1","A","un",1
"saboneteiro","A1","A","un",1
"saboneteiro","A1","A","un",0
"saboneteiro","A1","A","un",1
"saboneteiro","A1","A","un",1
"saboneteiro","A1","A","un",0
"saboneteiro","A1","A","un",1
"saboneteiro","A1","A","un",0
"saboneteiro","A1","A","un",0
"saboneteiro","A1","A","un",1
"saboneteiro","A1","A","un",0
"saboneteiro","A1","A","un",1
"saboneteiro","A1","A","un",0
"saboneteiro","A1","A","un",1
"saboneteiro","A1","A","un",1
"saboneteiro","A1","A","un",0
"saboneteiro","A1","A","un",1
"saboneteiro","A1","A","un",0
"saboneteiro","A1","A","un",0
"saboneteiro","A1","A","un",0
"saboneteiro","A1","A","un",1
"saboneteiro","A1","A","un",0
"saboneteiro","A1","A","un",1
"saboneteiro","A3","A","trois",1
"saboneteiro","A3","A","trois",1
"saboneteiro","A3","A","trois",1
"saboneteiro","A3","A","trois",1
"saboneteiro","A3","A","trois",1
"saboneteiro","A3","A","trois",1
"saboneteiro","A3","A","trois",1
"saboneteiro","A3","A","trois",1
"saboneteiro","A3","A","trois",1
"saboneteiro","A3","A","trois",1
"saboneteiro","A3","A","trois",1
"saboneteiro","A3","A","trois",1
"saboneteiro","A3","A","trois",1
"saboneteiro","A3","A","trois",1
"saboneteiro","A3","A","trois",1
"saboneteiro","A3","A","trois",1
"saboneteiro","A3","A","trois",1
"saboneteiro","A3","A","trois",1
"saboneteiro","A3","A","trois",1
"saboneteiro","A3","A","trois",1
"saboneteiro","A3","A","trois",1
"saboneteiro","A3","A","trois",1
"saboneteiro","A3","A","trois",1
"saboneteiro","A3","A","trois",1
"saboneteiro","A3","A","trois",1
"saboneteiro","A3","A","trois",1
"saboneteiro","A3","A","trois",1
"saboneteiro","A3","A","trois",1
"saboneteiro","A3","A","trois",1
"saboneteiro","A3","A","trois",1
"saboneteiro","A3","A","trois",1
"saboneteiro","A3","A","trois",0
"saboneteiro","A3","A","trois",1
"saboneteiro","A3","A","trois",1
"saboneteiro","A3","A","trois",1
"saboneteiro","A3","A","trois",1
"saboneteiro","A3","A","trois",1
"saboneteiro","A3","A","trois",1
"saboneteiro","A3","A","trois",1
"saboneteiro","A3","A","trois",1
"saboneteiro","A3","A","trois",1
"saboneteiro","A3","A","trois",1
"saboneteiro","A3","A","trois",1
"saboneteiro","A3","A","trois",1
"saboneteiro","A3","A","trois",1
"saboneteiro","A3","A","trois",1
"saboneteiro","A3","A","trois",1
"saboneteiro","A3","A","trois",1
"saboneteiro","A3","A","trois",1
"saboneteiro","A3","A","trois",1
"saboneteiro","A3","A","trois",1
"saboneteiro","A3","A","trois",1
"saboneteiro","A3","A","trois",0
"saboneteiro","A3","A","trois",0
"saboneteiro","A3","A","trois",1
"saboneteiro","A3","A","trois",1
"saboneteiro","A3","A","trois",1
"saboneteiro","A3","A","trois",0
"saboneteiro","A3","A","trois",0
"saboneteiro","A3","A","trois",0
"saboneteiro","A3","A","trois",0
"saboneteiro","A3","A","trois",1
"saboneteiro","A3","A","trois",1
"saboneteiro","A3","A","trois",0
"saboneteiro","A3","A","trois",1
"saboneteiro","A3","A","trois",0
"saboneteiro","A3","A","trois",1
"saboneteiro","A3","A","trois",0
"saboneteiro","A3","A","trois",1
"saboneteiro","A3","A","trois",1
"saboneteiro","A3","A","trois",1
"saboneteiro","A3","A","trois",1
"saboneteiro","A3","A","trois",1
"saboneteiro","A3","A","trois",1
"saboneteiro","A3","A","trois",1
"saboneteiro","A3","A","trois",1
"saboneteiro","A3","A","trois",1
"saboneteiro","A3","A","trois",0
"saboneteiro","A3","A","trois",1
"saboneteiro","A3","A","trois",0
"saboneteiro","A3","A","trois",0
"saboneteiro","A3","A","trois",0
"saboneteiro","A3","A","trois",1
"saboneteiro","A3","A","trois",1
"saboneteiro","A3","A","trois",1
"saboneteiro","A3","A","trois",0
"saboneteiro","A3","A","trois",1
"saboneteiro","A3","A","trois",0
"saboneteiro","A3","A","trois",0
"saboneteiro","A3","A","trois",1
"saboneteiro","A3","A","trois",0
"saboneteiro","A3","A","trois",0
"saboneteiro","A3","A","trois",1
"saboneteiro","A3","A","trois",0
"saboneteiro","A3","A","trois",1
"saboneteiro","A3","A","trois",0
"saboneteiro","A3","A","trois",1
"saboneteiro","A3","A","trois",1
"saboneteiro","A3","A","trois",1
"saboneteiro","A3","A","trois",1
"saboneteiro","S1","S","un",1
"saboneteiro","S1","S","un",1
"saboneteiro","S1","S","un",1
"saboneteiro","S1","S","un",1
"saboneteiro","S1","S","un",1
"saboneteiro","S1","S","un",1
"saboneteiro","S1","S","un",1
"saboneteiro","S1","S","un",1
"saboneteiro","S1","S","un",1
"saboneteiro","S1","S","un",1
"saboneteiro","S1","S","un",1
"saboneteiro","S1","S","un",0
"saboneteiro","S1","S","un",1
"saboneteiro","S1","S","un",1
"saboneteiro","S1","S","un",1
"saboneteiro","S1","S","un",1
"saboneteiro","S1","S","un",1
"saboneteiro","S1","S","un",1
"saboneteiro","S1","S","un",1
"saboneteiro","S1","S","un",1
"saboneteiro","S1","S","un",1
"saboneteiro","S1","S","un",1
"saboneteiro","S1","S","un",1
"saboneteiro","S1","S","un",1
"saboneteiro","S1","S","un",1
"saboneteiro","S1","S","un",1
"saboneteiro","S1","S","un",1
"saboneteiro","S1","S","un",1
"saboneteiro","S1","S","un",1
"saboneteiro","S1","S","un",1
"saboneteiro","S1","S","un",1
"saboneteiro","S1","S","un",1
"saboneteiro","S1","S","un",1
"saboneteiro","S1","S","un",1
"saboneteiro","S1","S","un",1
"saboneteiro","S1","S","un",1
"saboneteiro","S1","S","un",1
"saboneteiro","S1","S","un",1
"saboneteiro","S1","S","un",1
"saboneteiro","S1","S","un",1
"saboneteiro","S1","S","un",1
"saboneteiro","S1","S","un",1
"saboneteiro","S1","S","un",1
"saboneteiro","S1","S","un",1
"saboneteiro","S1","S","un",1
"saboneteiro","S1","S","un",1
"saboneteiro","S1","S","un",1
"saboneteiro","S1","S","un",1
"saboneteiro","S1","S","un",1
"saboneteiro","S1","S","un",1
"saboneteiro","S1","S","un",1
"saboneteiro","S1","S","un",1
"saboneteiro","S1","S","un",1
"saboneteiro","S1","S","un",0
"saboneteiro","S1","S","un",1
"saboneteiro","S1","S","un",1
"saboneteiro","S1","S","un",1
"saboneteiro","S1","S","un",1
"saboneteiro","S1","S","un",1
"saboneteiro","S1","S","un",1
"saboneteiro","S1","S","un",1
"saboneteiro","S1","S","un",0
"saboneteiro","S1","S","un",1
"saboneteiro","S1","S","un",1
"saboneteiro","S1","S","un",1
"saboneteiro","S1","S","un",1
"saboneteiro","S1","S","un",1
"saboneteiro","S1","S","un",1
"saboneteiro","S1","S","un",0
"saboneteiro","S1","S","un",1
"saboneteiro","S1","S","un",0
"saboneteiro","S1","S","un",1
"saboneteiro","S1","S","un",1
"saboneteiro","S1","S","un",0
"saboneteiro","S1","S","un",1
"saboneteiro","S1","S","un",1
"saboneteiro","S1","S","un",1
"saboneteiro","S1","S","un",1
"saboneteiro","S1","S","un",1
"saboneteiro","S1","S","un",1
"saboneteiro","S1","S","un",0
"saboneteiro","S1","S","un",0
"saboneteiro","S1","S","un",0
"saboneteiro","S1","S","un",1
"saboneteiro","S1","S","un",1
"saboneteiro","S1","S","un",1
"saboneteiro","S1","S","un",1
"saboneteiro","S1","S","un",1
"saboneteiro","S1","S","un",1
"saboneteiro","S1","S","un",0
"saboneteiro","S1","S","un",1
"saboneteiro","S1","S","un",1
"saboneteiro","S1","S","un",1
"saboneteiro","S1","S","un",1
"saboneteiro","S1","S","un",1
"saboneteiro","S1","S","un",0
"saboneteiro","S1","S","un",1
"saboneteiro","S1","S","un",0
"saboneteiro","S1","S","un",1
"saboneteiro","S1","S","un",1
"saboneteiro","S3","S","trois",1
"saboneteiro","S3","S","trois",1
"saboneteiro","S3","S","trois",1
"saboneteiro","S3","S","trois",1
"saboneteiro","S3","S","trois",1
"saboneteiro","S3","S","trois",1
"saboneteiro","S3","S","trois",1
"saboneteiro","S3","S","trois",1
"saboneteiro","S3","S","trois",1
"saboneteiro","S3","S","trois",1
"saboneteiro","S3","S","trois",0
"saboneteiro","S3","S","trois",1
"saboneteiro","S3","S","trois",1
"saboneteiro","S3","S","trois",1
"saboneteiro","S3","S","trois",1
"saboneteiro","S3","S","trois",1
"saboneteiro","S3","S","trois",1
"saboneteiro","S3","S","trois",1
"saboneteiro","S3","S","trois",1
"saboneteiro","S3","S","trois",1
"saboneteiro","S3","S","trois",1
"saboneteiro","S3","S","trois",1
"saboneteiro","S3","S","trois",1
"saboneteiro","S3","S","trois",1
"saboneteiro","S3","S","trois",1
"saboneteiro","S3","S","trois",1
"saboneteiro","S3","S","trois",1
"saboneteiro","S3","S","trois",1
"saboneteiro","S3","S","trois",1
"saboneteiro","S3","S","trois",1
"saboneteiro","S3","S","trois",1
"saboneteiro","S3","S","trois",1
"saboneteiro","S3","S","trois",1
"saboneteiro","S3","S","trois",1
"saboneteiro","S3","S","trois",0
"saboneteiro","S3","S","trois",1
"saboneteiro","S3","S","trois",1
"saboneteiro","S3","S","trois",1
"saboneteiro","S3","S","trois",1
"saboneteiro","S3","S","trois",1
"saboneteiro","S3","S","trois",1
"saboneteiro","S3","S","trois",1
"saboneteiro","S3","S","trois",1
"saboneteiro","S3","S","trois",1
"saboneteiro","S3","S","trois",1
"saboneteiro","S3","S","trois",1
"saboneteiro","S3","S","trois",1
"saboneteiro","S3","S","trois",1
"saboneteiro","S3","S","trois",1
"saboneteiro","S3","S","trois",1
"saboneteiro","S3","S","trois",1
"saboneteiro","S3","S","trois",1
"saboneteiro","S3","S","trois",0
"saboneteiro","S3","S","trois",0
"saboneteiro","S3","S","trois",1
"saboneteiro","S3","S","trois",1
"saboneteiro","S3","S","trois",1
"saboneteiro","S3","S","trois",0
"saboneteiro","S3","S","trois",1
"saboneteiro","S3","S","trois",1
"saboneteiro","S3","S","trois",0
"saboneteiro","S3","S","trois",0
"saboneteiro","S3","S","trois",1
"saboneteiro","S3","S","trois",0
"saboneteiro","S3","S","trois",1
"saboneteiro","S3","S","trois",1
"saboneteiro","S3","S","trois",1
"saboneteiro","S3","S","trois",0
"saboneteiro","S3","S","trois",0
"saboneteiro","S3","S","trois",1
"saboneteiro","S3","S","trois",1
"saboneteiro","S3","S","trois",1
"saboneteiro","S3","S","trois",1
"saboneteiro","S3","S","trois",1
"saboneteiro","S3","S","trois",1
"saboneteiro","S3","S","trois",1
"saboneteiro","S3","S","trois",1
"saboneteiro","S3","S","trois",0
"saboneteiro","S3","S","trois",1
"saboneteiro","S3","S","trois",0
"saboneteiro","S3","S","trois",1
"saboneteiro","S3","S","trois",1
"saboneteiro","S3","S","trois",1
"saboneteiro","S3","S","trois",1
"saboneteiro","S3","S","trois",0
"saboneteiro","S3","S","trois",1
"saboneteiro","S3","S","trois",0
"saboneteiro","S3","S","trois",1
"saboneteiro","S3","S","trois",0
"saboneteiro","S3","S","trois",1
"saboneteiro","S3","S","trois",0
"saboneteiro","S3","S","trois",0
"saboneteiro","S3","S","trois",0
"saboneteiro","S3","S","trois",0
"saboneteiro","S3","S","trois",0
"saboneteiro","S3","S","trois",1
"saboneteiro","S3","S","trois",0
"saboneteiro","S3","S","trois",1
"saboneteiro","S3","S","trois",1
"saboneteiro","S3","S","trois",1
"salgueiro","A1","A","un",1
"salgueiro","A1","A","un",1
"salgueiro","A1","A","un",1
"salgueiro","A1","A","un",1
"salgueiro","A1","A","un",1
"salgueiro","A1","A","un",1
"salgueiro","A1","A","un",1
"salgueiro","A1","A","un",1
"salgueiro","A1","A","un",1
"salgueiro","A1","A","un",0
"salgueiro","A1","A","un",1
"salgueiro","A1","A","un",1
"salgueiro","A1","A","un",0
"salgueiro","A1","A","un",1
"salgueiro","A1","A","un",1
"salgueiro","A1","A","un",1
"salgueiro","A1","A","un",1
"salgueiro","A1","A","un",0
"salgueiro","A1","A","un",1
"salgueiro","A1","A","un",1
"salgueiro","A1","A","un",0
"salgueiro","A1","A","un",1
"salgueiro","A1","A","un",0
"salgueiro","A1","A","un",0
"salgueiro","A1","A","un",1
"salgueiro","A1","A","un",1
"salgueiro","A1","A","un",0
"salgueiro","A1","A","un",1
"salgueiro","A1","A","un",1
"salgueiro","A1","A","un",1
"salgueiro","A1","A","un",0
"salgueiro","A1","A","un",1
"salgueiro","A1","A","un",1
"salgueiro","A1","A","un",1
"salgueiro","A1","A","un",1
"salgueiro","A1","A","un",1
"salgueiro","A1","A","un",1
"salgueiro","A1","A","un",0
"salgueiro","A1","A","un",1
"salgueiro","A1","A","un",1
"salgueiro","A1","A","un",1
"salgueiro","A1","A","un",1
"salgueiro","A1","A","un",1
"salgueiro","A1","A","un",1
"salgueiro","A1","A","un",1
"salgueiro","A1","A","un",1
"salgueiro","A1","A","un",1
"salgueiro","A1","A","un",1
"salgueiro","A1","A","un",1
"salgueiro","A1","A","un",1
"salgueiro","A1","A","un",0
"salgueiro","A1","A","un",0
"salgueiro","A1","A","un",0
"salgueiro","A1","A","un",1
"salgueiro","A1","A","un",1
"salgueiro","A1","A","un",0
"salgueiro","A1","A","un",0
"salgueiro","A1","A","un",1
"salgueiro","A1","A","un",1
"salgueiro","A1","A","un",0
"salgueiro","A1","A","un",1
"salgueiro","A1","A","un",1
"salgueiro","A1","A","un",0
"salgueiro","A1","A","un",1
"salgueiro","A1","A","un",1
"salgueiro","A1","A","un",1
"salgueiro","A1","A","un",1
"salgueiro","A1","A","un",0
"salgueiro","A1","A","un",1
"salgueiro","A1","A","un",1
"salgueiro","A1","A","un",0
"salgueiro","A1","A","un",0
"salgueiro","A1","A","un",0
"salgueiro","A1","A","un",0
"salgueiro","A1","A","un",1
"salgueiro","A1","A","un",0
"salgueiro","A1","A","un",0
"salgueiro","A1","A","un",0
"salgueiro","A1","A","un",1
"salgueiro","A1","A","un",1
"salgueiro","A1","A","un",0
"salgueiro","A1","A","un",1
"salgueiro","A1","A","un",0
"salgueiro","A1","A","un",1
"salgueiro","A1","A","un",1
"salgueiro","A1","A","un",1
"salgueiro","A1","A","un",0
"salgueiro","A1","A","un",0
"salgueiro","A1","A","un",1
"salgueiro","A1","A","un",0
"salgueiro","A1","A","un",1
"salgueiro","A1","A","un",1
"salgueiro","A1","A","un",1
"salgueiro","A1","A","un",0
"salgueiro","A1","A","un",0
"salgueiro","A1","A","un",1
"salgueiro","A1","A","un",1
"salgueiro","A1","A","un",1
"salgueiro","A1","A","un",0
"salgueiro","A1","A","un",1
"salgueiro","A3","A","trois",1
"salgueiro","A3","A","trois",1
"salgueiro","A3","A","trois",1
"salgueiro","A3","A","trois",1
"salgueiro","A3","A","trois",1
"salgueiro","A3","A","trois",1
"salgueiro","A3","A","trois",1
"salgueiro","A3","A","trois",1
"salgueiro","A3","A","trois",1
"salgueiro","A3","A","trois",1
"salgueiro","A3","A","trois",1
"salgueiro","A3","A","trois",1
"salgueiro","A3","A","trois",0
"salgueiro","A3","A","trois",0
"salgueiro","A3","A","trois",1
"salgueiro","A3","A","trois",1
"salgueiro","A3","A","trois",1
"salgueiro","A3","A","trois",0
"salgueiro","A3","A","trois",1
"salgueiro","A3","A","trois",0
"salgueiro","A3","A","trois",1
"salgueiro","A3","A","trois",1
"salgueiro","A3","A","trois",1
"salgueiro","A3","A","trois",0
"salgueiro","A3","A","trois",1
"salgueiro","A3","A","trois",1
"salgueiro","A3","A","trois",1
"salgueiro","A3","A","trois",1
"salgueiro","A3","A","trois",1
"salgueiro","A3","A","trois",0
"salgueiro","A3","A","trois",1
"salgueiro","A3","A","trois",1
"salgueiro","A3","A","trois",1
"salgueiro","A3","A","trois",1
"salgueiro","A3","A","trois",1
"salgueiro","A3","A","trois",1
"salgueiro","A3","A","trois",1
"salgueiro","A3","A","trois",1
"salgueiro","A3","A","trois",1
"salgueiro","A3","A","trois",1
"salgueiro","A3","A","trois",1
"salgueiro","A3","A","trois",1
"salgueiro","A3","A","trois",1
"salgueiro","A3","A","trois",1
"salgueiro","A3","A","trois",1
"salgueiro","A3","A","trois",1
"salgueiro","A3","A","trois",0
"salgueiro","A3","A","trois",1
"salgueiro","A3","A","trois",1
"salgueiro","A3","A","trois",1
"salgueiro","A3","A","trois",1
"salgueiro","A3","A","trois",1
"salgueiro","A3","A","trois",1
"salgueiro","A3","A","trois",0
"salgueiro","A3","A","trois",0
"salgueiro","A3","A","trois",1
"salgueiro","A3","A","trois",1
"salgueiro","A3","A","trois",1
"salgueiro","A3","A","trois",0
"salgueiro","A3","A","trois",0
"salgueiro","A3","A","trois",1
"salgueiro","A3","A","trois",1
"salgueiro","A3","A","trois",0
"salgueiro","A3","A","trois",0
"salgueiro","A3","A","trois",0
"salgueiro","A3","A","trois",1
"salgueiro","A3","A","trois",0
"salgueiro","A3","A","trois",0
"salgueiro","A3","A","trois",1
"salgueiro","A3","A","trois",0
"salgueiro","A3","A","trois",0
"salgueiro","A3","A","trois",1
"salgueiro","A3","A","trois",1
"salgueiro","A3","A","trois",0
"salgueiro","A3","A","trois",1
"salgueiro","A3","A","trois",1
"salgueiro","A3","A","trois",0
"salgueiro","A3","A","trois",1
"salgueiro","A3","A","trois",0
"salgueiro","A3","A","trois",0
"salgueiro","A3","A","trois",0
"salgueiro","A3","A","trois",1
"salgueiro","A3","A","trois",1
"salgueiro","A3","A","trois",0
"salgueiro","A3","A","trois",1
"salgueiro","A3","A","trois",0
"salgueiro","A3","A","trois",0
"salgueiro","A3","A","trois",1
"salgueiro","A3","A","trois",0
"salgueiro","A3","A","trois",1
"salgueiro","A3","A","trois",1
"salgueiro","A3","A","trois",0
"salgueiro","A3","A","trois",1
"salgueiro","A3","A","trois",0
"salgueiro","A3","A","trois",1
"salgueiro","A3","A","trois",1
"salgueiro","A3","A","trois",0
"salgueiro","A3","A","trois",1
"salgueiro","A3","A","trois",1
"salgueiro","A3","A","trois",0
"salgueiro","S1","S","un",1
"salgueiro","S1","S","un",1
"salgueiro","S1","S","un",1
"salgueiro","S1","S","un",1
"salgueiro","S1","S","un",1
"salgueiro","S1","S","un",1
"salgueiro","S1","S","un",0
"salgueiro","S1","S","un",1
"salgueiro","S1","S","un",0
"salgueiro","S1","S","un",1
"salgueiro","S1","S","un",1
"salgueiro","S1","S","un",0
"salgueiro","S1","S","un",0
"salgueiro","S1","S","un",1
"salgueiro","S1","S","un",0
"salgueiro","S1","S","un",1
"salgueiro","S1","S","un",1
"salgueiro","S1","S","un",1
"salgueiro","S1","S","un",1
"salgueiro","S1","S","un",1
"salgueiro","S1","S","un",1
"salgueiro","S1","S","un",1
"salgueiro","S1","S","un",1
"salgueiro","S1","S","un",1
"salgueiro","S1","S","un",1
"salgueiro","S1","S","un",1
"salgueiro","S1","S","un",0
"salgueiro","S1","S","un",1
"salgueiro","S1","S","un",1
"salgueiro","S1","S","un",1
"salgueiro","S1","S","un",1
"salgueiro","S1","S","un",1
"salgueiro","S1","S","un",1
"salgueiro","S1","S","un",1
"salgueiro","S1","S","un",1
"salgueiro","S1","S","un",1
"salgueiro","S1","S","un",0
"salgueiro","S1","S","un",1
"salgueiro","S1","S","un",1
"salgueiro","S1","S","un",0
"salgueiro","S1","S","un",1
"salgueiro","S1","S","un",0
"salgueiro","S1","S","un",1
"salgueiro","S1","S","un",1
"salgueiro","S1","S","un",1
"salgueiro","S1","S","un",1
"salgueiro","S1","S","un",1
"salgueiro","S1","S","un",1
"salgueiro","S1","S","un",1
"salgueiro","S1","S","un",1
"salgueiro","S1","S","un",1
"salgueiro","S1","S","un",1
"salgueiro","S1","S","un",0
"salgueiro","S1","S","un",1
"salgueiro","S1","S","un",1
"salgueiro","S1","S","un",1
"salgueiro","S1","S","un",0
"salgueiro","S1","S","un",1
"salgueiro","S1","S","un",0
"salgueiro","S1","S","un",0
"salgueiro","S1","S","un",0
"salgueiro","S1","S","un",0
"salgueiro","S1","S","un",0
"salgueiro","S1","S","un",0
"salgueiro","S1","S","un",0
"salgueiro","S1","S","un",0
"salgueiro","S1","S","un",1
"salgueiro","S1","S","un",1
"salgueiro","S1","S","un",0
"salgueiro","S1","S","un",1
"salgueiro","S1","S","un",0
"salgueiro","S1","S","un",0
"salgueiro","S1","S","un",0
"salgueiro","S1","S","un",0
"salgueiro","S1","S","un",1
"salgueiro","S1","S","un",1
"salgueiro","S1","S","un",0
"salgueiro","S1","S","un",1
"salgueiro","S1","S","un",0
"salgueiro","S1","S","un",0
"salgueiro","S1","S","un",1
"salgueiro","S1","S","un",1
"salgueiro","S1","S","un",0
"salgueiro","S1","S","un",1
"salgueiro","S1","S","un",1
"salgueiro","S1","S","un",0
"salgueiro","S1","S","un",0
"salgueiro","S1","S","un",1
"salgueiro","S1","S","un",1
"salgueiro","S1","S","un",0
"salgueiro","S1","S","un",1
"salgueiro","S1","S","un",0
"salgueiro","S1","S","un",0
"salgueiro","S1","S","un",0
"salgueiro","S1","S","un",0
"salgueiro","S1","S","un",0
"salgueiro","S1","S","un",1
"salgueiro","S1","S","un",1
"salgueiro","S1","S","un",1
"salgueiro","S1","S","un",1
"salgueiro","S3","S","trois",1
"salgueiro","S3","S","trois",1
"salgueiro","S3","S","trois",1
"salgueiro","S3","S","trois",0
"salgueiro","S3","S","trois",1
"salgueiro","S3","S","trois",1
"salgueiro","S3","S","trois",1
"salgueiro","S3","S","trois",1
"salgueiro","S3","S","trois",1
"salgueiro","S3","S","trois",1
"salgueiro","S3","S","trois",1
"salgueiro","S3","S","trois",1
"salgueiro","S3","S","trois",1
"salgueiro","S3","S","trois",1
"salgueiro","S3","S","trois",1
"salgueiro","S3","S","trois",1
"salgueiro","S3","S","trois",1
"salgueiro","S3","S","trois",0
"salgueiro","S3","S","trois",1
"salgueiro","S3","S","trois",1
"salgueiro","S3","S","trois",1
"salgueiro","S3","S","trois",1
"salgueiro","S3","S","trois",1
"salgueiro","S3","S","trois",1
"salgueiro","S3","S","trois",1
"salgueiro","S3","S","trois",1
"salgueiro","S3","S","trois",1
"salgueiro","S3","S","trois",1
"salgueiro","S3","S","trois",1
"salgueiro","S3","S","trois",1
"salgueiro","S3","S","trois",1
"salgueiro","S3","S","trois",1
"salgueiro","S3","S","trois",1
"salgueiro","S3","S","trois",1
"salgueiro","S3","S","trois",1
"salgueiro","S3","S","trois",1
"salgueiro","S3","S","trois",0
"salgueiro","S3","S","trois",1
"salgueiro","S3","S","trois",1
"salgueiro","S3","S","trois",1
"salgueiro","S3","S","trois",1
"salgueiro","S3","S","trois",1
"salgueiro","S3","S","trois",1
"salgueiro","S3","S","trois",1
"salgueiro","S3","S","trois",1
"salgueiro","S3","S","trois",1
"salgueiro","S3","S","trois",0
"salgueiro","S3","S","trois",1
"salgueiro","S3","S","trois",1
"salgueiro","S3","S","trois",1
"salgueiro","S3","S","trois",1
"salgueiro","S3","S","trois",1
"salgueiro","S3","S","trois",0
"salgueiro","S3","S","trois",0
"salgueiro","S3","S","trois",0
"salgueiro","S3","S","trois",0
"salgueiro","S3","S","trois",1
"salgueiro","S3","S","trois",1
"salgueiro","S3","S","trois",0
"salgueiro","S3","S","trois",1
"salgueiro","S3","S","trois",0
"salgueiro","S3","S","trois",1
"salgueiro","S3","S","trois",0
"salgueiro","S3","S","trois",0
"salgueiro","S3","S","trois",0
"salgueiro","S3","S","trois",0
"salgueiro","S3","S","trois",1
"salgueiro","S3","S","trois",0
"salgueiro","S3","S","trois",0
"salgueiro","S3","S","trois",1
"salgueiro","S3","S","trois",1
"salgueiro","S3","S","trois",1
"salgueiro","S3","S","trois",1
"salgueiro","S3","S","trois",1
"salgueiro","S3","S","trois",1
"salgueiro","S3","S","trois",1
"salgueiro","S3","S","trois",1
"salgueiro","S3","S","trois",1
"salgueiro","S3","S","trois",1
"salgueiro","S3","S","trois",0
"salgueiro","S3","S","trois",0
"salgueiro","S3","S","trois",0
"salgueiro","S3","S","trois",1
"salgueiro","S3","S","trois",1
"salgueiro","S3","S","trois",1
"salgueiro","S3","S","trois",1
"salgueiro","S3","S","trois",0
"salgueiro","S3","S","trois",1
"salgueiro","S3","S","trois",0
"salgueiro","S3","S","trois",0
"salgueiro","S3","S","trois",1
"salgueiro","S3","S","trois",1
"salgueiro","S3","S","trois",0
"salgueiro","S3","S","trois",0
"salgueiro","S3","S","trois",1
"salgueiro","S3","S","trois",0
"salgueiro","S3","S","trois",0
"salgueiro","S3","S","trois",1
"salgueiro","S3","S","trois",0
"salgueiro","S3","S","trois",0
