Sample	Family	Host	Compartment	seq_count
S-1-DICUND-B	Acetobacteraceae	D_undulatum	Brown	892
S-1-DICUND-B	Acidobacteriaceae	D_undulatum	Brown	4470
S-1-DICUND-B	Baltobacteraceae	D_undulatum	Brown	1153
S-1-DICUND-B	Beijerinckiaceae	D_undulatum	Brown	732
S-1-DICUND-B	Burkholderiaceae	D_undulatum	Brown	2431
S-1-DICUND-B	Jatrophihabitantaceae	D_undulatum	Brown	0
S-1-DICUND-B	Nostocaceae	D_undulatum	Brown	672
S-1-DICUND-B	Solirubrobacteraceae	D_undulatum	Brown	9901
S-1-DICUND-B	Steroidobacteraceae	D_undulatum	Brown	9872
S-1-DICUND-B	Streptosporangiaceae	D_undulatum	Brown	3259
S-1-POLCOM-B	Acetobacteraceae	P_commune	Brown	36597
S-1-POLCOM-B	Acidobacteriaceae	P_commune	Brown	44814
S-1-POLCOM-B	Baltobacteraceae	P_commune	Brown	43966
S-1-POLCOM-B	Beijerinckiaceae	P_commune	Brown	7745
S-1-POLCOM-B	Burkholderiaceae	P_commune	Brown	4422
S-1-POLCOM-B	Jatrophihabitantaceae	P_commune	Brown	239
S-1-POLCOM-B	Nostocaceae	P_commune	Brown	878
S-1-POLCOM-B	Solirubrobacteraceae	P_commune	Brown	10633
S-1-POLCOM-B	Steroidobacteraceae	P_commune	Brown	23372
S-1-POLCOM-B	Streptosporangiaceae	P_commune	Brown	6041
S-1-POLCOM-G	Acetobacteraceae	P_commune	Green	13313
S-1-POLCOM-G	Acidobacteriaceae	P_commune	Green	12055
S-1-POLCOM-G	Baltobacteraceae	P_commune	Green	16881
S-1-POLCOM-G	Beijerinckiaceae	P_commune	Green	8865
S-1-POLCOM-G	Burkholderiaceae	P_commune	Green	3378
S-1-POLCOM-G	Jatrophihabitantaceae	P_commune	Green	174
S-1-POLCOM-G	Nostocaceae	P_commune	Green	0
S-1-POLCOM-G	Solirubrobacteraceae	P_commune	Green	4066
S-1-POLCOM-G	Steroidobacteraceae	P_commune	Green	5225
S-1-POLCOM-G	Streptosporangiaceae	P_commune	Green	733
S-1-POLJUN-B	Acetobacteraceae	P_juniperinum	Brown	15383
S-1-POLJUN-B	Acidobacteriaceae	P_juniperinum	Brown	23459
S-1-POLJUN-B	Baltobacteraceae	P_juniperinum	Brown	1678
S-1-POLJUN-B	Beijerinckiaceae	P_juniperinum	Brown	6800
S-1-POLJUN-B	Burkholderiaceae	P_juniperinum	Brown	39237
S-1-POLJUN-B	Jatrophihabitantaceae	P_juniperinum	Brown	6626
S-1-POLJUN-B	Nostocaceae	P_juniperinum	Brown	3427
S-1-POLJUN-B	Solirubrobacteraceae	P_juniperinum	Brown	1622
S-1-POLJUN-B	Steroidobacteraceae	P_juniperinum	Brown	12294
S-1-POLJUN-B	Streptosporangiaceae	P_juniperinum	Brown	173
S-1-POLJUN-G	Acetobacteraceae	P_juniperinum	Green	27396
S-1-POLJUN-G	Acidobacteriaceae	P_juniperinum	Green	8464
S-1-POLJUN-G	Baltobacteraceae	P_juniperinum	Green	1396
S-1-POLJUN-G	Beijerinckiaceae	P_juniperinum	Green	9950
S-1-POLJUN-G	Burkholderiaceae	P_juniperinum	Green	22198
S-1-POLJUN-G	Jatrophihabitantaceae	P_juniperinum	Green	3318
S-1-POLJUN-G	Nostocaceae	P_juniperinum	Green	129
S-1-POLJUN-G	Solirubrobacteraceae	P_juniperinum	Green	521
S-1-POLJUN-G	Steroidobacteraceae	P_juniperinum	Green	5275
S-1-POLJUN-G	Streptosporangiaceae	P_juniperinum	Green	0
S-1-POLPIL-B	Acetobacteraceae	P_piliferum	Brown	48578
S-1-POLPIL-B	Acidobacteriaceae	P_piliferum	Brown	98935
S-1-POLPIL-B	Baltobacteraceae	P_piliferum	Brown	2402
S-1-POLPIL-B	Beijerinckiaceae	P_piliferum	Brown	7548
S-1-POLPIL-B	Burkholderiaceae	P_piliferum	Brown	920
S-1-POLPIL-B	Jatrophihabitantaceae	P_piliferum	Brown	698
S-1-POLPIL-B	Nostocaceae	P_piliferum	Brown	33735
S-1-POLPIL-B	Solirubrobacteraceae	P_piliferum	Brown	803
S-1-POLPIL-B	Steroidobacteraceae	P_piliferum	Brown	2460
S-1-POLPIL-B	Streptosporangiaceae	P_piliferum	Brown	652
S-10-POLJUN-B	Acetobacteraceae	P_juniperinum	Brown	21519
S-10-POLJUN-B	Acidobacteriaceae	P_juniperinum	Brown	12351
S-10-POLJUN-B	Baltobacteraceae	P_juniperinum	Brown	21506
S-10-POLJUN-B	Beijerinckiaceae	P_juniperinum	Brown	1702
S-10-POLJUN-B	Burkholderiaceae	P_juniperinum	Brown	4681
S-10-POLJUN-B	Jatrophihabitantaceae	P_juniperinum	Brown	660
S-10-POLJUN-B	Nostocaceae	P_juniperinum	Brown	59424
S-10-POLJUN-B	Solirubrobacteraceae	P_juniperinum	Brown	522
S-10-POLJUN-B	Steroidobacteraceae	P_juniperinum	Brown	9643
S-10-POLJUN-B	Streptosporangiaceae	P_juniperinum	Brown	5516
S-10-POLJUN-G	Acetobacteraceae	P_juniperinum	Green	12566
S-10-POLJUN-G	Acidobacteriaceae	P_juniperinum	Green	9863
S-10-POLJUN-G	Baltobacteraceae	P_juniperinum	Green	4633
S-10-POLJUN-G	Beijerinckiaceae	P_juniperinum	Green	10112
S-10-POLJUN-G	Burkholderiaceae	P_juniperinum	Green	16508
S-10-POLJUN-G	Jatrophihabitantaceae	P_juniperinum	Green	4446
S-10-POLJUN-G	Nostocaceae	P_juniperinum	Green	18235
S-10-POLJUN-G	Solirubrobacteraceae	P_juniperinum	Green	1868
S-10-POLJUN-G	Steroidobacteraceae	P_juniperinum	Green	2191
S-10-POLJUN-G	Streptosporangiaceae	P_juniperinum	Green	173
S-10-POLPIL-B	Acetobacteraceae	P_piliferum	Brown	33122
S-10-POLPIL-B	Acidobacteriaceae	P_piliferum	Brown	60351
S-10-POLPIL-B	Baltobacteraceae	P_piliferum	Brown	174
S-10-POLPIL-B	Beijerinckiaceae	P_piliferum	Brown	12493
S-10-POLPIL-B	Burkholderiaceae	P_piliferum	Brown	3412
S-10-POLPIL-B	Jatrophihabitantaceae	P_piliferum	Brown	1366
S-10-POLPIL-B	Nostocaceae	P_piliferum	Brown	5057
S-10-POLPIL-B	Solirubrobacteraceae	P_piliferum	Brown	1004
S-10-POLPIL-B	Steroidobacteraceae	P_piliferum	Brown	2762
S-10-POLPIL-B	Streptosporangiaceae	P_piliferum	Brown	10048
S-10-POLPIL-G	Acetobacteraceae	P_piliferum	Green	14588
S-10-POLPIL-G	Acidobacteriaceae	P_piliferum	Green	25157
S-10-POLPIL-G	Baltobacteraceae	P_piliferum	Green	0
S-10-POLPIL-G	Beijerinckiaceae	P_piliferum	Green	9404
S-10-POLPIL-G	Burkholderiaceae	P_piliferum	Green	1528
S-10-POLPIL-G	Jatrophihabitantaceae	P_piliferum	Green	293
S-10-POLPIL-G	Nostocaceae	P_piliferum	Green	2311
S-10-POLPIL-G	Solirubrobacteraceae	P_piliferum	Green	378
S-10-POLPIL-G	Steroidobacteraceae	P_piliferum	Green	1037
S-10-POLPIL-G	Streptosporangiaceae	P_piliferum	Green	1809
S-11-POLJUN-B	Acetobacteraceae	P_juniperinum	Brown	7002
S-11-POLJUN-B	Acidobacteriaceae	P_juniperinum	Brown	14526
S-11-POLJUN-B	Baltobacteraceae	P_juniperinum	Brown	12797
S-11-POLJUN-B	Beijerinckiaceae	P_juniperinum	Brown	3105
S-11-POLJUN-B	Burkholderiaceae	P_juniperinum	Brown	8643
S-11-POLJUN-B	Jatrophihabitantaceae	P_juniperinum	Brown	1080
S-11-POLJUN-B	Nostocaceae	P_juniperinum	Brown	55099
S-11-POLJUN-B	Solirubrobacteraceae	P_juniperinum	Brown	285
S-11-POLJUN-B	Steroidobacteraceae	P_juniperinum	Brown	7106
S-11-POLJUN-B	Streptosporangiaceae	P_juniperinum	Brown	6380
S-11-POLJUN-G	Acetobacteraceae	P_juniperinum	Green	17842
S-11-POLJUN-G	Acidobacteriaceae	P_juniperinum	Green	12104
S-11-POLJUN-G	Baltobacteraceae	P_juniperinum	Green	6838
S-11-POLJUN-G	Beijerinckiaceae	P_juniperinum	Green	16292
S-11-POLJUN-G	Burkholderiaceae	P_juniperinum	Green	24735
S-11-POLJUN-G	Jatrophihabitantaceae	P_juniperinum	Green	2287
S-11-POLJUN-G	Nostocaceae	P_juniperinum	Green	9387
S-11-POLJUN-G	Solirubrobacteraceae	P_juniperinum	Green	955
S-11-POLJUN-G	Steroidobacteraceae	P_juniperinum	Green	1818
S-11-POLJUN-G	Streptosporangiaceae	P_juniperinum	Green	421
S-11-POLPIL-B	Acetobacteraceae	P_piliferum	Brown	43064
S-11-POLPIL-B	Acidobacteriaceae	P_piliferum	Brown	59767
S-11-POLPIL-B	Baltobacteraceae	P_piliferum	Brown	0
S-11-POLPIL-B	Beijerinckiaceae	P_piliferum	Brown	15140
S-11-POLPIL-B	Burkholderiaceae	P_piliferum	Brown	2893
S-11-POLPIL-B	Jatrophihabitantaceae	P_piliferum	Brown	1910
S-11-POLPIL-B	Nostocaceae	P_piliferum	Brown	15480
S-11-POLPIL-B	Solirubrobacteraceae	P_piliferum	Brown	1265
S-11-POLPIL-B	Steroidobacteraceae	P_piliferum	Brown	3791
S-11-POLPIL-B	Streptosporangiaceae	P_piliferum	Brown	8718
S-11-POLPIL-G	Acetobacteraceae	P_piliferum	Green	13946
S-11-POLPIL-G	Acidobacteriaceae	P_piliferum	Green	17349
S-11-POLPIL-G	Baltobacteraceae	P_piliferum	Green	0
S-11-POLPIL-G	Beijerinckiaceae	P_piliferum	Green	7869
S-11-POLPIL-G	Burkholderiaceae	P_piliferum	Green	1360
S-11-POLPIL-G	Jatrophihabitantaceae	P_piliferum	Green	399
S-11-POLPIL-G	Nostocaceae	P_piliferum	Green	2862
S-11-POLPIL-G	Solirubrobacteraceae	P_piliferum	Green	462
S-11-POLPIL-G	Steroidobacteraceae	P_piliferum	Green	2358
S-11-POLPIL-G	Streptosporangiaceae	P_piliferum	Green	1666
S-12-POLJUN-B	Acetobacteraceae	P_juniperinum	Brown	6680
S-12-POLJUN-B	Acidobacteriaceae	P_juniperinum	Brown	12800
S-12-POLJUN-B	Baltobacteraceae	P_juniperinum	Brown	11425
S-12-POLJUN-B	Beijerinckiaceae	P_juniperinum	Brown	3329
S-12-POLJUN-B	Burkholderiaceae	P_juniperinum	Brown	6276
S-12-POLJUN-B	Jatrophihabitantaceae	P_juniperinum	Brown	4183
S-12-POLJUN-B	Nostocaceae	P_juniperinum	Brown	90927
S-12-POLJUN-B	Solirubrobacteraceae	P_juniperinum	Brown	772
S-12-POLJUN-B	Steroidobacteraceae	P_juniperinum	Brown	5065
S-12-POLJUN-B	Streptosporangiaceae	P_juniperinum	Brown	2577
S-12-POLJUN-G	Acetobacteraceae	P_juniperinum	Green	10147
S-12-POLJUN-G	Acidobacteriaceae	P_juniperinum	Green	7709
S-12-POLJUN-G	Baltobacteraceae	P_juniperinum	Green	3747
S-12-POLJUN-G	Beijerinckiaceae	P_juniperinum	Green	7569
S-12-POLJUN-G	Burkholderiaceae	P_juniperinum	Green	14275
S-12-POLJUN-G	Jatrophihabitantaceae	P_juniperinum	Green	5096
S-12-POLJUN-G	Nostocaceae	P_juniperinum	Green	17420
S-12-POLJUN-G	Solirubrobacteraceae	P_juniperinum	Green	1529
S-12-POLJUN-G	Steroidobacteraceae	P_juniperinum	Green	1688
S-12-POLJUN-G	Streptosporangiaceae	P_juniperinum	Green	223
S-12-POLPIL-B	Acetobacteraceae	P_piliferum	Brown	17178
S-12-POLPIL-B	Acidobacteriaceae	P_piliferum	Brown	24683
S-12-POLPIL-B	Baltobacteraceae	P_piliferum	Brown	0
S-12-POLPIL-B	Beijerinckiaceae	P_piliferum	Brown	9322
S-12-POLPIL-B	Burkholderiaceae	P_piliferum	Brown	1523
S-12-POLPIL-B	Jatrophihabitantaceae	P_piliferum	Brown	1069
S-12-POLPIL-B	Nostocaceae	P_piliferum	Brown	4680
S-12-POLPIL-B	Solirubrobacteraceae	P_piliferum	Brown	572
S-12-POLPIL-B	Steroidobacteraceae	P_piliferum	Brown	3545
S-12-POLPIL-B	Streptosporangiaceae	P_piliferum	Brown	1980
S-12-POLPIL-G	Acetobacteraceae	P_piliferum	Green	20417
S-12-POLPIL-G	Acidobacteriaceae	P_piliferum	Green	53774
S-12-POLPIL-G	Baltobacteraceae	P_piliferum	Green	0
S-12-POLPIL-G	Beijerinckiaceae	P_piliferum	Green	8294
S-12-POLPIL-G	Burkholderiaceae	P_piliferum	Green	3644
S-12-POLPIL-G	Jatrophihabitantaceae	P_piliferum	Green	965
S-12-POLPIL-G	Nostocaceae	P_piliferum	Green	19253
S-12-POLPIL-G	Solirubrobacteraceae	P_piliferum	Green	399
S-12-POLPIL-G	Steroidobacteraceae	P_piliferum	Green	1927
S-12-POLPIL-G	Streptosporangiaceae	P_piliferum	Green	11321
S-13-POLJUN-B	Acetobacteraceae	P_juniperinum	Brown	7253
S-13-POLJUN-B	Acidobacteriaceae	P_juniperinum	Brown	36509
S-13-POLJUN-B	Baltobacteraceae	P_juniperinum	Brown	7971
S-13-POLJUN-B	Beijerinckiaceae	P_juniperinum	Brown	2402
S-13-POLJUN-B	Burkholderiaceae	P_juniperinum	Brown	3485
S-13-POLJUN-B	Jatrophihabitantaceae	P_juniperinum	Brown	2735
S-13-POLJUN-B	Nostocaceae	P_juniperinum	Brown	46856
S-13-POLJUN-B	Solirubrobacteraceae	P_juniperinum	Brown	426
S-13-POLJUN-B	Steroidobacteraceae	P_juniperinum	Brown	10546
S-13-POLJUN-B	Streptosporangiaceae	P_juniperinum	Brown	10590
S-13-POLJUN-G	Acetobacteraceae	P_juniperinum	Green	8009
S-13-POLJUN-G	Acidobacteriaceae	P_juniperinum	Green	9582
S-13-POLJUN-G	Baltobacteraceae	P_juniperinum	Green	2134
S-13-POLJUN-G	Beijerinckiaceae	P_juniperinum	Green	4590
S-13-POLJUN-G	Burkholderiaceae	P_juniperinum	Green	10978
S-13-POLJUN-G	Jatrophihabitantaceae	P_juniperinum	Green	4220
S-13-POLJUN-G	Nostocaceae	P_juniperinum	Green	3717
S-13-POLJUN-G	Solirubrobacteraceae	P_juniperinum	Green	958
S-13-POLJUN-G	Steroidobacteraceae	P_juniperinum	Green	1063
S-13-POLJUN-G	Streptosporangiaceae	P_juniperinum	Green	226
S-13-POLPIL-B	Acetobacteraceae	P_piliferum	Brown	11082
S-13-POLPIL-B	Acidobacteriaceae	P_piliferum	Brown	17245
S-13-POLPIL-B	Baltobacteraceae	P_piliferum	Brown	0
S-13-POLPIL-B	Beijerinckiaceae	P_piliferum	Brown	8925
S-13-POLPIL-B	Burkholderiaceae	P_piliferum	Brown	9649
S-13-POLPIL-B	Jatrophihabitantaceae	P_piliferum	Brown	564
S-13-POLPIL-B	Nostocaceae	P_piliferum	Brown	0
S-13-POLPIL-B	Solirubrobacteraceae	P_piliferum	Brown	227
S-13-POLPIL-B	Steroidobacteraceae	P_piliferum	Brown	8876
S-13-POLPIL-B	Streptosporangiaceae	P_piliferum	Brown	0
S-13-POLPIL-G	Acetobacteraceae	P_piliferum	Green	7522
S-13-POLPIL-G	Acidobacteriaceae	P_piliferum	Green	8028
S-13-POLPIL-G	Baltobacteraceae	P_piliferum	Green	0
S-13-POLPIL-G	Beijerinckiaceae	P_piliferum	Green	5637
S-13-POLPIL-G	Burkholderiaceae	P_piliferum	Green	1372
S-13-POLPIL-G	Jatrophihabitantaceae	P_piliferum	Green	266
S-13-POLPIL-G	Nostocaceae	P_piliferum	Green	0
S-13-POLPIL-G	Solirubrobacteraceae	P_piliferum	Green	97
S-13-POLPIL-G	Steroidobacteraceae	P_piliferum	Green	4043
S-13-POLPIL-G	Streptosporangiaceae	P_piliferum	Green	0
S-14-POLJUN-B	Acetobacteraceae	P_juniperinum	Brown	6874
S-14-POLJUN-B	Acidobacteriaceae	P_juniperinum	Brown	28399
S-14-POLJUN-B	Baltobacteraceae	P_juniperinum	Brown	8546
S-14-POLJUN-B	Beijerinckiaceae	P_juniperinum	Brown	2504
S-14-POLJUN-B	Burkholderiaceae	P_juniperinum	Brown	5828
S-14-POLJUN-B	Jatrophihabitantaceae	P_juniperinum	Brown	2796
S-14-POLJUN-B	Nostocaceae	P_juniperinum	Brown	32388
S-14-POLJUN-B	Solirubrobacteraceae	P_juniperinum	Brown	1066
S-14-POLJUN-B	Steroidobacteraceae	P_juniperinum	Brown	4488
S-14-POLJUN-B	Streptosporangiaceae	P_juniperinum	Brown	8423
S-14-POLJUN-G	Acetobacteraceae	P_juniperinum	Green	12956
S-14-POLJUN-G	Acidobacteriaceae	P_juniperinum	Green	16350
S-14-POLJUN-G	Baltobacteraceae	P_juniperinum	Green	3406
S-14-POLJUN-G	Beijerinckiaceae	P_juniperinum	Green	8094
S-14-POLJUN-G	Burkholderiaceae	P_juniperinum	Green	6922
S-14-POLJUN-G	Jatrophihabitantaceae	P_juniperinum	Green	2309
S-14-POLJUN-G	Nostocaceae	P_juniperinum	Green	7567
S-14-POLJUN-G	Solirubrobacteraceae	P_juniperinum	Green	2211
S-14-POLJUN-G	Steroidobacteraceae	P_juniperinum	Green	1273
S-14-POLJUN-G	Streptosporangiaceae	P_juniperinum	Green	505
S-14-POLPIL-B	Acetobacteraceae	P_piliferum	Brown	4499
S-14-POLPIL-B	Acidobacteriaceae	P_piliferum	Brown	11974
S-14-POLPIL-B	Baltobacteraceae	P_piliferum	Brown	0
S-14-POLPIL-B	Beijerinckiaceae	P_piliferum	Brown	12114
S-14-POLPIL-B	Burkholderiaceae	P_piliferum	Brown	11515
S-14-POLPIL-B	Jatrophihabitantaceae	P_piliferum	Brown	1134
S-14-POLPIL-B	Nostocaceae	P_piliferum	Brown	0
S-14-POLPIL-B	Solirubrobacteraceae	P_piliferum	Brown	121
S-14-POLPIL-B	Steroidobacteraceae	P_piliferum	Brown	4262
S-14-POLPIL-B	Streptosporangiaceae	P_piliferum	Brown	0
S-14-POLPIL-G	Acetobacteraceae	P_piliferum	Green	4419
S-14-POLPIL-G	Acidobacteriaceae	P_piliferum	Green	3971
S-14-POLPIL-G	Baltobacteraceae	P_piliferum	Green	0
S-14-POLPIL-G	Beijerinckiaceae	P_piliferum	Green	5390
S-14-POLPIL-G	Burkholderiaceae	P_piliferum	Green	1481
S-14-POLPIL-G	Jatrophihabitantaceae	P_piliferum	Green	509
S-14-POLPIL-G	Nostocaceae	P_piliferum	Green	0
S-14-POLPIL-G	Solirubrobacteraceae	P_piliferum	Green	0
S-14-POLPIL-G	Steroidobacteraceae	P_piliferum	Green	1739
S-14-POLPIL-G	Streptosporangiaceae	P_piliferum	Green	0
S-15-POLJUN-B	Acetobacteraceae	P_juniperinum	Brown	9793
S-15-POLJUN-B	Acidobacteriaceae	P_juniperinum	Brown	28782
S-15-POLJUN-B	Baltobacteraceae	P_juniperinum	Brown	7901
S-15-POLJUN-B	Beijerinckiaceae	P_juniperinum	Brown	5848
S-15-POLJUN-B	Burkholderiaceae	P_juniperinum	Brown	5608
S-15-POLJUN-B	Jatrophihabitantaceae	P_juniperinum	Brown	2850
S-15-POLJUN-B	Nostocaceae	P_juniperinum	Brown	15600
S-15-POLJUN-B	Solirubrobacteraceae	P_juniperinum	Brown	667
S-15-POLJUN-B	Steroidobacteraceae	P_juniperinum	Brown	6305
S-15-POLJUN-B	Streptosporangiaceae	P_juniperinum	Brown	7743
S-15-POLJUN-G	Acetobacteraceae	P_juniperinum	Green	15933
S-15-POLJUN-G	Acidobacteriaceae	P_juniperinum	Green	15130
S-15-POLJUN-G	Baltobacteraceae	P_juniperinum	Green	2155
S-15-POLJUN-G	Beijerinckiaceae	P_juniperinum	Green	11164
S-15-POLJUN-G	Burkholderiaceae	P_juniperinum	Green	17016
S-15-POLJUN-G	Jatrophihabitantaceae	P_juniperinum	Green	3393
S-15-POLJUN-G	Nostocaceae	P_juniperinum	Green	3383
S-15-POLJUN-G	Solirubrobacteraceae	P_juniperinum	Green	1572
S-15-POLJUN-G	Steroidobacteraceae	P_juniperinum	Green	2227
S-15-POLJUN-G	Streptosporangiaceae	P_juniperinum	Green	675
S-15-POLPIL-B	Acetobacteraceae	P_piliferum	Brown	6393
S-15-POLPIL-B	Acidobacteriaceae	P_piliferum	Brown	20466
S-15-POLPIL-B	Baltobacteraceae	P_piliferum	Brown	0
S-15-POLPIL-B	Beijerinckiaceae	P_piliferum	Brown	10507
S-15-POLPIL-B	Burkholderiaceae	P_piliferum	Brown	7778
S-15-POLPIL-B	Jatrophihabitantaceae	P_piliferum	Brown	686
S-15-POLPIL-B	Nostocaceae	P_piliferum	Brown	0
S-15-POLPIL-B	Solirubrobacteraceae	P_piliferum	Brown	104
S-15-POLPIL-B	Steroidobacteraceae	P_piliferum	Brown	7804
S-15-POLPIL-B	Streptosporangiaceae	P_piliferum	Brown	0
S-15-POLPIL-G	Acetobacteraceae	P_piliferum	Green	15975
S-15-POLPIL-G	Acidobacteriaceae	P_piliferum	Green	13236
S-15-POLPIL-G	Baltobacteraceae	P_piliferum	Green	0
S-15-POLPIL-G	Beijerinckiaceae	P_piliferum	Green	7830
S-15-POLPIL-G	Burkholderiaceae	P_piliferum	Green	3206
S-15-POLPIL-G	Jatrophihabitantaceae	P_piliferum	Green	129
S-15-POLPIL-G	Nostocaceae	P_piliferum	Green	0
S-15-POLPIL-G	Solirubrobacteraceae	P_piliferum	Green	0
S-15-POLPIL-G	Steroidobacteraceae	P_piliferum	Green	2431
S-15-POLPIL-G	Streptosporangiaceae	P_piliferum	Green	0
S-16-POLJUN-B	Acetobacteraceae	P_juniperinum	Brown	7617
S-16-POLJUN-B	Acidobacteriaceae	P_juniperinum	Brown	14141
S-16-POLJUN-B	Baltobacteraceae	P_juniperinum	Brown	4384
S-16-POLJUN-B	Beijerinckiaceae	P_juniperinum	Brown	1721
S-16-POLJUN-B	Burkholderiaceae	P_juniperinum	Brown	7563
S-16-POLJUN-B	Jatrophihabitantaceae	P_juniperinum	Brown	2160
S-16-POLJUN-B	Nostocaceae	P_juniperinum	Brown	48572
S-16-POLJUN-B	Solirubrobacteraceae	P_juniperinum	Brown	673
S-16-POLJUN-B	Steroidobacteraceae	P_juniperinum	Brown	3947
S-16-POLJUN-B	Streptosporangiaceae	P_juniperinum	Brown	3373
S-16-POLJUN-G	Acetobacteraceae	P_juniperinum	Green	5920
S-16-POLJUN-G	Acidobacteriaceae	P_juniperinum	Green	5598
S-16-POLJUN-G	Baltobacteraceae	P_juniperinum	Green	2758
S-16-POLJUN-G	Beijerinckiaceae	P_juniperinum	Green	3660
S-16-POLJUN-G	Burkholderiaceae	P_juniperinum	Green	6410
S-16-POLJUN-G	Jatrophihabitantaceae	P_juniperinum	Green	2778
S-16-POLJUN-G	Nostocaceae	P_juniperinum	Green	7843
S-16-POLJUN-G	Solirubrobacteraceae	P_juniperinum	Green	784
S-16-POLJUN-G	Steroidobacteraceae	P_juniperinum	Green	1259
S-16-POLJUN-G	Streptosporangiaceae	P_juniperinum	Green	271
S-16-POLPIL-B	Acetobacteraceae	P_piliferum	Brown	7045
S-16-POLPIL-B	Acidobacteriaceae	P_piliferum	Brown	12636
S-16-POLPIL-B	Baltobacteraceae	P_piliferum	Brown	1031
S-16-POLPIL-B	Beijerinckiaceae	P_piliferum	Brown	4007
S-16-POLPIL-B	Burkholderiaceae	P_piliferum	Brown	9637
S-16-POLPIL-B	Jatrophihabitantaceae	P_piliferum	Brown	484
S-16-POLPIL-B	Nostocaceae	P_piliferum	Brown	2439
S-16-POLPIL-B	Solirubrobacteraceae	P_piliferum	Brown	240
S-16-POLPIL-B	Steroidobacteraceae	P_piliferum	Brown	6152
S-16-POLPIL-B	Streptosporangiaceae	P_piliferum	Brown	0
S-16-POLPIL-G	Acetobacteraceae	P_piliferum	Green	5007
S-16-POLPIL-G	Acidobacteriaceae	P_piliferum	Green	12025
S-16-POLPIL-G	Baltobacteraceae	P_piliferum	Green	0
S-16-POLPIL-G	Beijerinckiaceae	P_piliferum	Green	6049
S-16-POLPIL-G	Burkholderiaceae	P_piliferum	Green	1869
S-16-POLPIL-G	Jatrophihabitantaceae	P_piliferum	Green	88
S-16-POLPIL-G	Nostocaceae	P_piliferum	Green	901
S-16-POLPIL-G	Solirubrobacteraceae	P_piliferum	Green	230
S-16-POLPIL-G	Steroidobacteraceae	P_piliferum	Green	5435
S-16-POLPIL-G	Streptosporangiaceae	P_piliferum	Green	0
S-17-POLJUN-B	Acetobacteraceae	P_juniperinum	Brown	8056
S-17-POLJUN-B	Acidobacteriaceae	P_juniperinum	Brown	24752
S-17-POLJUN-B	Baltobacteraceae	P_juniperinum	Brown	4151
S-17-POLJUN-B	Beijerinckiaceae	P_juniperinum	Brown	3520
S-17-POLJUN-B	Burkholderiaceae	P_juniperinum	Brown	13056
S-17-POLJUN-B	Jatrophihabitantaceae	P_juniperinum	Brown	1644
S-17-POLJUN-B	Nostocaceae	P_juniperinum	Brown	26985
S-17-POLJUN-B	Solirubrobacteraceae	P_juniperinum	Brown	831
S-17-POLJUN-B	Steroidobacteraceae	P_juniperinum	Brown	7414
S-17-POLJUN-B	Streptosporangiaceae	P_juniperinum	Brown	12132
S-17-POLJUN-G	Acetobacteraceae	P_juniperinum	Green	7178
S-17-POLJUN-G	Acidobacteriaceae	P_juniperinum	Green	6376
S-17-POLJUN-G	Baltobacteraceae	P_juniperinum	Green	3653
S-17-POLJUN-G	Beijerinckiaceae	P_juniperinum	Green	4016
S-17-POLJUN-G	Burkholderiaceae	P_juniperinum	Green	6864
S-17-POLJUN-G	Jatrophihabitantaceae	P_juniperinum	Green	2373
S-17-POLJUN-G	Nostocaceae	P_juniperinum	Green	13823
S-17-POLJUN-G	Solirubrobacteraceae	P_juniperinum	Green	786
S-17-POLJUN-G	Steroidobacteraceae	P_juniperinum	Green	4241
S-17-POLJUN-G	Streptosporangiaceae	P_juniperinum	Green	904
S-17-POLPIL-B	Acetobacteraceae	P_piliferum	Brown	18221
S-17-POLPIL-B	Acidobacteriaceae	P_piliferum	Brown	24987
S-17-POLPIL-B	Baltobacteraceae	P_piliferum	Brown	3747
S-17-POLPIL-B	Beijerinckiaceae	P_piliferum	Brown	6907
S-17-POLPIL-B	Burkholderiaceae	P_piliferum	Brown	10275
S-17-POLPIL-B	Jatrophihabitantaceae	P_piliferum	Brown	528
S-17-POLPIL-B	Nostocaceae	P_piliferum	Brown	5809
S-17-POLPIL-B	Solirubrobacteraceae	P_piliferum	Brown	350
S-17-POLPIL-B	Steroidobacteraceae	P_piliferum	Brown	7660
S-17-POLPIL-B	Streptosporangiaceae	P_piliferum	Brown	0
S-17-POLPIL-G	Acetobacteraceae	P_piliferum	Green	12339
S-17-POLPIL-G	Acidobacteriaceae	P_piliferum	Green	17883
S-17-POLPIL-G	Baltobacteraceae	P_piliferum	Green	80
S-17-POLPIL-G	Beijerinckiaceae	P_piliferum	Green	11675
S-17-POLPIL-G	Burkholderiaceae	P_piliferum	Green	2752
S-17-POLPIL-G	Jatrophihabitantaceae	P_piliferum	Green	299
S-17-POLPIL-G	Nostocaceae	P_piliferum	Green	1762
S-17-POLPIL-G	Solirubrobacteraceae	P_piliferum	Green	345
S-17-POLPIL-G	Steroidobacteraceae	P_piliferum	Green	6595
S-17-POLPIL-G	Streptosporangiaceae	P_piliferum	Green	0
S-18-POLJUN-B	Acetobacteraceae	P_juniperinum	Brown	9685
S-18-POLJUN-B	Acidobacteriaceae	P_juniperinum	Brown	50702
S-18-POLJUN-B	Baltobacteraceae	P_juniperinum	Brown	439
S-18-POLJUN-B	Beijerinckiaceae	P_juniperinum	Brown	2061
S-18-POLJUN-B	Burkholderiaceae	P_juniperinum	Brown	10525
S-18-POLJUN-B	Jatrophihabitantaceae	P_juniperinum	Brown	4118
S-18-POLJUN-B	Nostocaceae	P_juniperinum	Brown	9979
S-18-POLJUN-B	Solirubrobacteraceae	P_juniperinum	Brown	525
S-18-POLJUN-B	Steroidobacteraceae	P_juniperinum	Brown	7067
S-18-POLJUN-B	Streptosporangiaceae	P_juniperinum	Brown	408
S-18-POLJUN-G	Acetobacteraceae	P_juniperinum	Green	3694
S-18-POLJUN-G	Acidobacteriaceae	P_juniperinum	Green	2321
S-18-POLJUN-G	Baltobacteraceae	P_juniperinum	Green	537
S-18-POLJUN-G	Beijerinckiaceae	P_juniperinum	Green	4410
S-18-POLJUN-G	Burkholderiaceae	P_juniperinum	Green	3492
S-18-POLJUN-G	Jatrophihabitantaceae	P_juniperinum	Green	4411
S-18-POLJUN-G	Nostocaceae	P_juniperinum	Green	3217
S-18-POLJUN-G	Solirubrobacteraceae	P_juniperinum	Green	507
S-18-POLJUN-G	Steroidobacteraceae	P_juniperinum	Green	5176
S-18-POLJUN-G	Streptosporangiaceae	P_juniperinum	Green	0
S-18-POLPIL-B	Acetobacteraceae	P_piliferum	Brown	18964
S-18-POLPIL-B	Acidobacteriaceae	P_piliferum	Brown	22178
S-18-POLPIL-B	Baltobacteraceae	P_piliferum	Brown	1234
S-18-POLPIL-B	Beijerinckiaceae	P_piliferum	Brown	8283
S-18-POLPIL-B	Burkholderiaceae	P_piliferum	Brown	7742
S-18-POLPIL-B	Jatrophihabitantaceae	P_piliferum	Brown	469
S-18-POLPIL-B	Nostocaceae	P_piliferum	Brown	6286
S-18-POLPIL-B	Solirubrobacteraceae	P_piliferum	Brown	343
S-18-POLPIL-B	Steroidobacteraceae	P_piliferum	Brown	6564
S-18-POLPIL-B	Streptosporangiaceae	P_piliferum	Brown	0
S-18-POLPIL-G	Acetobacteraceae	P_piliferum	Green	11056
S-18-POLPIL-G	Acidobacteriaceae	P_piliferum	Green	19782
S-18-POLPIL-G	Baltobacteraceae	P_piliferum	Green	0
S-18-POLPIL-G	Beijerinckiaceae	P_piliferum	Green	16412
S-18-POLPIL-G	Burkholderiaceae	P_piliferum	Green	3426
S-18-POLPIL-G	Jatrophihabitantaceae	P_piliferum	Green	212
S-18-POLPIL-G	Nostocaceae	P_piliferum	Green	1284
S-18-POLPIL-G	Solirubrobacteraceae	P_piliferum	Green	182
S-18-POLPIL-G	Steroidobacteraceae	P_piliferum	Green	6514
S-18-POLPIL-G	Streptosporangiaceae	P_piliferum	Green	0
S-19-POLJUN-B	Acetobacteraceae	P_juniperinum	Brown	5934
S-19-POLJUN-B	Acidobacteriaceae	P_juniperinum	Brown	25485
S-19-POLJUN-B	Baltobacteraceae	P_juniperinum	Brown	1837
S-19-POLJUN-B	Beijerinckiaceae	P_juniperinum	Brown	8703
S-19-POLJUN-B	Burkholderiaceae	P_juniperinum	Brown	5706
S-19-POLJUN-B	Jatrophihabitantaceae	P_juniperinum	Brown	10710
S-19-POLJUN-B	Nostocaceae	P_juniperinum	Brown	79455
S-19-POLJUN-B	Solirubrobacteraceae	P_juniperinum	Brown	750
S-19-POLJUN-B	Steroidobacteraceae	P_juniperinum	Brown	21515
S-19-POLJUN-B	Streptosporangiaceae	P_juniperinum	Brown	513
S-19-POLPIL-B	Acetobacteraceae	P_piliferum	Brown	25184
S-19-POLPIL-B	Acidobacteriaceae	P_piliferum	Brown	48772
S-19-POLPIL-B	Baltobacteraceae	P_piliferum	Brown	829
S-19-POLPIL-B	Beijerinckiaceae	P_piliferum	Brown	9448
S-19-POLPIL-B	Burkholderiaceae	P_piliferum	Brown	4947
S-19-POLPIL-B	Jatrophihabitantaceae	P_piliferum	Brown	1691
S-19-POLPIL-B	Nostocaceae	P_piliferum	Brown	52691
S-19-POLPIL-B	Solirubrobacteraceae	P_piliferum	Brown	1158
S-19-POLPIL-B	Steroidobacteraceae	P_piliferum	Brown	15466
S-19-POLPIL-B	Streptosporangiaceae	P_piliferum	Brown	20057
S-19-POLPIL-G	Acetobacteraceae	P_piliferum	Green	11439
S-19-POLPIL-G	Acidobacteriaceae	P_piliferum	Green	23587
S-19-POLPIL-G	Baltobacteraceae	P_piliferum	Green	0
S-19-POLPIL-G	Beijerinckiaceae	P_piliferum	Green	4643
S-19-POLPIL-G	Burkholderiaceae	P_piliferum	Green	1434
S-19-POLPIL-G	Jatrophihabitantaceae	P_piliferum	Green	402
S-19-POLPIL-G	Nostocaceae	P_piliferum	Green	4811
S-19-POLPIL-G	Solirubrobacteraceae	P_piliferum	Green	452
S-19-POLPIL-G	Steroidobacteraceae	P_piliferum	Green	6951
S-19-POLPIL-G	Streptosporangiaceae	P_piliferum	Green	1032
S-2-POLCOM-B	Acetobacteraceae	P_commune	Brown	16587
S-2-POLCOM-B	Acidobacteriaceae	P_commune	Brown	23242
S-2-POLCOM-B	Baltobacteraceae	P_commune	Brown	21767
S-2-POLCOM-B	Beijerinckiaceae	P_commune	Brown	4632
S-2-POLCOM-B	Burkholderiaceae	P_commune	Brown	7146
S-2-POLCOM-B	Jatrophihabitantaceae	P_commune	Brown	227
S-2-POLCOM-B	Nostocaceae	P_commune	Brown	7388
S-2-POLCOM-B	Solirubrobacteraceae	P_commune	Brown	10649
S-2-POLCOM-B	Steroidobacteraceae	P_commune	Brown	14506
S-2-POLCOM-B	Streptosporangiaceae	P_commune	Brown	3514
S-2-POLCOM-G	Acetobacteraceae	P_commune	Green	17368
S-2-POLCOM-G	Acidobacteriaceae	P_commune	Green	7737
S-2-POLCOM-G	Baltobacteraceae	P_commune	Green	21601
S-2-POLCOM-G	Beijerinckiaceae	P_commune	Green	14213
S-2-POLCOM-G	Burkholderiaceae	P_commune	Green	3119
S-2-POLCOM-G	Jatrophihabitantaceae	P_commune	Green	307
S-2-POLCOM-G	Nostocaceae	P_commune	Green	0
S-2-POLCOM-G	Solirubrobacteraceae	P_commune	Green	3595
S-2-POLCOM-G	Steroidobacteraceae	P_commune	Green	6688
S-2-POLCOM-G	Streptosporangiaceae	P_commune	Green	445
S-2-POLJUN-B	Acetobacteraceae	P_juniperinum	Brown	12281
S-2-POLJUN-B	Acidobacteriaceae	P_juniperinum	Brown	20948
S-2-POLJUN-B	Baltobacteraceae	P_juniperinum	Brown	3703
S-2-POLJUN-B	Beijerinckiaceae	P_juniperinum	Brown	4696
S-2-POLJUN-B	Burkholderiaceae	P_juniperinum	Brown	13329
S-2-POLJUN-B	Jatrophihabitantaceae	P_juniperinum	Brown	4135
S-2-POLJUN-B	Nostocaceae	P_juniperinum	Brown	1951
S-2-POLJUN-B	Solirubrobacteraceae	P_juniperinum	Brown	994
S-2-POLJUN-B	Steroidobacteraceae	P_juniperinum	Brown	18633
S-2-POLJUN-B	Streptosporangiaceae	P_juniperinum	Brown	144
S-2-POLJUN-G	Acetobacteraceae	P_juniperinum	Green	28766
S-2-POLJUN-G	Acidobacteriaceae	P_juniperinum	Green	11024
S-2-POLJUN-G	Baltobacteraceae	P_juniperinum	Green	2305
S-2-POLJUN-G	Beijerinckiaceae	P_juniperinum	Green	10006
S-2-POLJUN-G	Burkholderiaceae	P_juniperinum	Green	25976
S-2-POLJUN-G	Jatrophihabitantaceae	P_juniperinum	Green	5586
S-2-POLJUN-G	Nostocaceae	P_juniperinum	Green	281
S-2-POLJUN-G	Solirubrobacteraceae	P_juniperinum	Green	902
S-2-POLJUN-G	Steroidobacteraceae	P_juniperinum	Green	8411
S-2-POLJUN-G	Streptosporangiaceae	P_juniperinum	Green	0
S-2-POLPIL-B	Acetobacteraceae	P_piliferum	Brown	33218
S-2-POLPIL-B	Acidobacteriaceae	P_piliferum	Brown	74580
S-2-POLPIL-B	Baltobacteraceae	P_piliferum	Brown	8848
S-2-POLPIL-B	Beijerinckiaceae	P_piliferum	Brown	6491
S-2-POLPIL-B	Burkholderiaceae	P_piliferum	Brown	1764
S-2-POLPIL-B	Jatrophihabitantaceae	P_piliferum	Brown	568
S-2-POLPIL-B	Nostocaceae	P_piliferum	Brown	51747
S-2-POLPIL-B	Solirubrobacteraceae	P_piliferum	Brown	1210
S-2-POLPIL-B	Steroidobacteraceae	P_piliferum	Brown	9959
S-2-POLPIL-B	Streptosporangiaceae	P_piliferum	Brown	1152
S-2-POLPIL-G	Acetobacteraceae	P_piliferum	Green	21928
S-2-POLPIL-G	Acidobacteriaceae	P_piliferum	Green	22129
S-2-POLPIL-G	Baltobacteraceae	P_piliferum	Green	450
S-2-POLPIL-G	Beijerinckiaceae	P_piliferum	Green	14615
S-2-POLPIL-G	Burkholderiaceae	P_piliferum	Green	2730
S-2-POLPIL-G	Jatrophihabitantaceae	P_piliferum	Green	105
S-2-POLPIL-G	Nostocaceae	P_piliferum	Green	2333
S-2-POLPIL-G	Solirubrobacteraceae	P_piliferum	Green	1431
S-2-POLPIL-G	Steroidobacteraceae	P_piliferum	Green	6571
S-2-POLPIL-G	Streptosporangiaceae	P_piliferum	Green	119
S-20-POLJUN-B	Acetobacteraceae	P_juniperinum	Brown	13856
S-20-POLJUN-B	Acidobacteriaceae	P_juniperinum	Brown	30004
S-20-POLJUN-B	Baltobacteraceae	P_juniperinum	Brown	648
S-20-POLJUN-B	Beijerinckiaceae	P_juniperinum	Brown	9563
S-20-POLJUN-B	Burkholderiaceae	P_juniperinum	Brown	8458
S-20-POLJUN-B	Jatrophihabitantaceae	P_juniperinum	Brown	17038
S-20-POLJUN-B	Nostocaceae	P_juniperinum	Brown	45994
S-20-POLJUN-B	Solirubrobacteraceae	P_juniperinum	Brown	786
S-20-POLJUN-B	Steroidobacteraceae	P_juniperinum	Brown	14737
S-20-POLJUN-B	Streptosporangiaceae	P_juniperinum	Brown	2404
S-20-POLJUN-G	Acetobacteraceae	P_juniperinum	Green	8811
S-20-POLJUN-G	Acidobacteriaceae	P_juniperinum	Green	10736
S-20-POLJUN-G	Baltobacteraceae	P_juniperinum	Green	390
S-20-POLJUN-G	Beijerinckiaceae	P_juniperinum	Green	6528
S-20-POLJUN-G	Burkholderiaceae	P_juniperinum	Green	15141
S-20-POLJUN-G	Jatrophihabitantaceae	P_juniperinum	Green	10176
S-20-POLJUN-G	Nostocaceae	P_juniperinum	Green	25266
S-20-POLJUN-G	Solirubrobacteraceae	P_juniperinum	Green	864
S-20-POLJUN-G	Steroidobacteraceae	P_juniperinum	Green	7284
S-20-POLJUN-G	Streptosporangiaceae	P_juniperinum	Green	283
S-20-POLPIL-B	Acetobacteraceae	P_piliferum	Brown	36306
S-20-POLPIL-B	Acidobacteriaceae	P_piliferum	Brown	71405
S-20-POLPIL-B	Baltobacteraceae	P_piliferum	Brown	257
S-20-POLPIL-B	Beijerinckiaceae	P_piliferum	Brown	11740
S-20-POLPIL-B	Burkholderiaceae	P_piliferum	Brown	2510
S-20-POLPIL-B	Jatrophihabitantaceae	P_piliferum	Brown	1900
S-20-POLPIL-B	Nostocaceae	P_piliferum	Brown	29662
S-20-POLPIL-B	Solirubrobacteraceae	P_piliferum	Brown	1003
S-20-POLPIL-B	Steroidobacteraceae	P_piliferum	Brown	15668
S-20-POLPIL-B	Streptosporangiaceae	P_piliferum	Brown	7941
S-20-POLPIL-G	Acetobacteraceae	P_piliferum	Green	8536
S-20-POLPIL-G	Acidobacteriaceae	P_piliferum	Green	18476
S-20-POLPIL-G	Baltobacteraceae	P_piliferum	Green	0
S-20-POLPIL-G	Beijerinckiaceae	P_piliferum	Green	3697
S-20-POLPIL-G	Burkholderiaceae	P_piliferum	Green	426
S-20-POLPIL-G	Jatrophihabitantaceae	P_piliferum	Green	113
S-20-POLPIL-G	Nostocaceae	P_piliferum	Green	977
S-20-POLPIL-G	Solirubrobacteraceae	P_piliferum	Green	409
S-20-POLPIL-G	Steroidobacteraceae	P_piliferum	Green	3407
S-20-POLPIL-G	Streptosporangiaceae	P_piliferum	Green	341
S-21-POLJUN-B	Acetobacteraceae	P_juniperinum	Brown	5553
S-21-POLJUN-B	Acidobacteriaceae	P_juniperinum	Brown	20790
S-21-POLJUN-B	Baltobacteraceae	P_juniperinum	Brown	1493
S-21-POLJUN-B	Beijerinckiaceae	P_juniperinum	Brown	8986
S-21-POLJUN-B	Burkholderiaceae	P_juniperinum	Brown	4098
S-21-POLJUN-B	Jatrophihabitantaceae	P_juniperinum	Brown	14860
S-21-POLJUN-B	Nostocaceae	P_juniperinum	Brown	117223
S-21-POLJUN-B	Solirubrobacteraceae	P_juniperinum	Brown	1158
S-21-POLJUN-B	Steroidobacteraceae	P_juniperinum	Brown	16539
S-21-POLJUN-B	Streptosporangiaceae	P_juniperinum	Brown	1573
S-21-POLJUN-G	Acetobacteraceae	P_juniperinum	Green	16540
S-21-POLJUN-G	Acidobacteriaceae	P_juniperinum	Green	13705
S-21-POLJUN-G	Baltobacteraceae	P_juniperinum	Green	593
S-21-POLJUN-G	Beijerinckiaceae	P_juniperinum	Green	9648
S-21-POLJUN-G	Burkholderiaceae	P_juniperinum	Green	21143
S-21-POLJUN-G	Jatrophihabitantaceae	P_juniperinum	Green	14736
S-21-POLJUN-G	Nostocaceae	P_juniperinum	Green	53024
S-21-POLJUN-G	Solirubrobacteraceae	P_juniperinum	Green	1432
S-21-POLJUN-G	Steroidobacteraceae	P_juniperinum	Green	16123
S-21-POLJUN-G	Streptosporangiaceae	P_juniperinum	Green	224
S-21-POLPIL-G	Acetobacteraceae	P_piliferum	Green	6344
S-21-POLPIL-G	Acidobacteriaceae	P_piliferum	Green	11162
S-21-POLPIL-G	Baltobacteraceae	P_piliferum	Green	0
S-21-POLPIL-G	Beijerinckiaceae	P_piliferum	Green	4892
S-21-POLPIL-G	Burkholderiaceae	P_piliferum	Green	314
S-21-POLPIL-G	Jatrophihabitantaceae	P_piliferum	Green	156
S-21-POLPIL-G	Nostocaceae	P_piliferum	Green	590
S-21-POLPIL-G	Solirubrobacteraceae	P_piliferum	Green	288
S-21-POLPIL-G	Steroidobacteraceae	P_piliferum	Green	290
S-21-POLPIL-G	Streptosporangiaceae	P_piliferum	Green	117
S-22-POLJUN-B	Acetobacteraceae	P_juniperinum	Brown	10974
S-22-POLJUN-B	Acidobacteriaceae	P_juniperinum	Brown	72078
S-22-POLJUN-B	Baltobacteraceae	P_juniperinum	Brown	6548
S-22-POLJUN-B	Beijerinckiaceae	P_juniperinum	Brown	8620
S-22-POLJUN-B	Burkholderiaceae	P_juniperinum	Brown	3703
S-22-POLJUN-B	Jatrophihabitantaceae	P_juniperinum	Brown	6585
S-22-POLJUN-B	Nostocaceae	P_juniperinum	Brown	42703
S-22-POLJUN-B	Solirubrobacteraceae	P_juniperinum	Brown	558
S-22-POLJUN-B	Steroidobacteraceae	P_juniperinum	Brown	3557
S-22-POLJUN-B	Streptosporangiaceae	P_juniperinum	Brown	5051
S-22-POLJUN-G	Acetobacteraceae	P_juniperinum	Green	19511
S-22-POLJUN-G	Acidobacteriaceae	P_juniperinum	Green	28773
S-22-POLJUN-G	Baltobacteraceae	P_juniperinum	Green	8620
S-22-POLJUN-G	Beijerinckiaceae	P_juniperinum	Green	9349
S-22-POLJUN-G	Burkholderiaceae	P_juniperinum	Green	7414
S-22-POLJUN-G	Jatrophihabitantaceae	P_juniperinum	Green	3238
S-22-POLJUN-G	Nostocaceae	P_juniperinum	Green	23197
S-22-POLJUN-G	Solirubrobacteraceae	P_juniperinum	Green	1983
S-22-POLJUN-G	Steroidobacteraceae	P_juniperinum	Green	3282
S-22-POLJUN-G	Streptosporangiaceae	P_juniperinum	Green	439
S-22-POLPIL-B	Acetobacteraceae	P_piliferum	Brown	11834
S-22-POLPIL-B	Acidobacteriaceae	P_piliferum	Brown	25643
S-22-POLPIL-B	Baltobacteraceae	P_piliferum	Brown	2643
S-22-POLPIL-B	Beijerinckiaceae	P_piliferum	Brown	3246
S-22-POLPIL-B	Burkholderiaceae	P_piliferum	Brown	20971
S-22-POLPIL-B	Jatrophihabitantaceae	P_piliferum	Brown	874
S-22-POLPIL-B	Nostocaceae	P_piliferum	Brown	69444
S-22-POLPIL-B	Solirubrobacteraceae	P_piliferum	Brown	506
S-22-POLPIL-B	Steroidobacteraceae	P_piliferum	Brown	23343
S-22-POLPIL-B	Streptosporangiaceae	P_piliferum	Brown	18189
S-22-POLPIL-G	Acetobacteraceae	P_piliferum	Green	8083
S-22-POLPIL-G	Acidobacteriaceae	P_piliferum	Green	10435
S-22-POLPIL-G	Baltobacteraceae	P_piliferum	Green	522
S-22-POLPIL-G	Beijerinckiaceae	P_piliferum	Green	2144
S-22-POLPIL-G	Burkholderiaceae	P_piliferum	Green	4157
S-22-POLPIL-G	Jatrophihabitantaceae	P_piliferum	Green	885
S-22-POLPIL-G	Nostocaceae	P_piliferum	Green	16312
S-22-POLPIL-G	Solirubrobacteraceae	P_piliferum	Green	976
S-22-POLPIL-G	Steroidobacteraceae	P_piliferum	Green	10343
S-22-POLPIL-G	Streptosporangiaceae	P_piliferum	Green	1506
S-23-POLJUN-B	Acetobacteraceae	P_juniperinum	Brown	30577
S-23-POLJUN-B	Acidobacteriaceae	P_juniperinum	Brown	79571
S-23-POLJUN-B	Baltobacteraceae	P_juniperinum	Brown	28318
S-23-POLJUN-B	Beijerinckiaceae	P_juniperinum	Brown	7806
S-23-POLJUN-B	Burkholderiaceae	P_juniperinum	Brown	5286
S-23-POLJUN-B	Jatrophihabitantaceae	P_juniperinum	Brown	4867
S-23-POLJUN-B	Nostocaceae	P_juniperinum	Brown	69814
S-23-POLJUN-B	Solirubrobacteraceae	P_juniperinum	Brown	1488
S-23-POLJUN-B	Steroidobacteraceae	P_juniperinum	Brown	7314
S-23-POLJUN-B	Streptosporangiaceae	P_juniperinum	Brown	4985
S-23-POLJUN-G	Acetobacteraceae	P_juniperinum	Green	18535
S-23-POLJUN-G	Acidobacteriaceae	P_juniperinum	Green	32003
S-23-POLJUN-G	Baltobacteraceae	P_juniperinum	Green	9444
S-23-POLJUN-G	Beijerinckiaceae	P_juniperinum	Green	10325
S-23-POLJUN-G	Burkholderiaceae	P_juniperinum	Green	14976
S-23-POLJUN-G	Jatrophihabitantaceae	P_juniperinum	Green	3812
S-23-POLJUN-G	Nostocaceae	P_juniperinum	Green	18062
S-23-POLJUN-G	Solirubrobacteraceae	P_juniperinum	Green	1701
S-23-POLJUN-G	Steroidobacteraceae	P_juniperinum	Green	3896
S-23-POLJUN-G	Streptosporangiaceae	P_juniperinum	Green	414
S-23-POLPIL-B	Acetobacteraceae	P_piliferum	Brown	10507
S-23-POLPIL-B	Acidobacteriaceae	P_piliferum	Brown	34329
S-23-POLPIL-B	Baltobacteraceae	P_piliferum	Brown	1121
S-23-POLPIL-B	Beijerinckiaceae	P_piliferum	Brown	4421
S-23-POLPIL-B	Burkholderiaceae	P_piliferum	Brown	13599
S-23-POLPIL-B	Jatrophihabitantaceae	P_piliferum	Brown	2040
S-23-POLPIL-B	Nostocaceae	P_piliferum	Brown	53321
S-23-POLPIL-B	Solirubrobacteraceae	P_piliferum	Brown	539
S-23-POLPIL-B	Steroidobacteraceae	P_piliferum	Brown	19352
S-23-POLPIL-B	Streptosporangiaceae	P_piliferum	Brown	12745
S-23-POLPIL-G	Acetobacteraceae	P_piliferum	Green	11963
S-23-POLPIL-G	Acidobacteriaceae	P_piliferum	Green	15911
S-23-POLPIL-G	Baltobacteraceae	P_piliferum	Green	360
S-23-POLPIL-G	Beijerinckiaceae	P_piliferum	Green	5699
S-23-POLPIL-G	Burkholderiaceae	P_piliferum	Green	7103
S-23-POLPIL-G	Jatrophihabitantaceae	P_piliferum	Green	1679
S-23-POLPIL-G	Nostocaceae	P_piliferum	Green	19251
S-23-POLPIL-G	Solirubrobacteraceae	P_piliferum	Green	1469
S-23-POLPIL-G	Steroidobacteraceae	P_piliferum	Green	12913
S-23-POLPIL-G	Streptosporangiaceae	P_piliferum	Green	1234
S-24-POLJUN-B	Acetobacteraceae	P_juniperinum	Brown	19803
S-24-POLJUN-B	Acidobacteriaceae	P_juniperinum	Brown	51313
S-24-POLJUN-B	Baltobacteraceae	P_juniperinum	Brown	15626
S-24-POLJUN-B	Beijerinckiaceae	P_juniperinum	Brown	9479
S-24-POLJUN-B	Burkholderiaceae	P_juniperinum	Brown	4474
S-24-POLJUN-B	Jatrophihabitantaceae	P_juniperinum	Brown	8313
S-24-POLJUN-B	Nostocaceae	P_juniperinum	Brown	57571
S-24-POLJUN-B	Solirubrobacteraceae	P_juniperinum	Brown	1415
S-24-POLJUN-B	Steroidobacteraceae	P_juniperinum	Brown	6111
S-24-POLJUN-B	Streptosporangiaceae	P_juniperinum	Brown	1845
S-24-POLJUN-G	Acetobacteraceae	P_juniperinum	Green	11729
S-24-POLJUN-G	Acidobacteriaceae	P_juniperinum	Green	15880
S-24-POLJUN-G	Baltobacteraceae	P_juniperinum	Green	2436
S-24-POLJUN-G	Beijerinckiaceae	P_juniperinum	Green	8778
S-24-POLJUN-G	Burkholderiaceae	P_juniperinum	Green	8033
S-24-POLJUN-G	Jatrophihabitantaceae	P_juniperinum	Green	2152
S-24-POLJUN-G	Nostocaceae	P_juniperinum	Green	5195
S-24-POLJUN-G	Solirubrobacteraceae	P_juniperinum	Green	1074
S-24-POLJUN-G	Steroidobacteraceae	P_juniperinum	Green	1400
S-24-POLJUN-G	Streptosporangiaceae	P_juniperinum	Green	111
S-24-POLPIL-B	Acetobacteraceae	P_piliferum	Brown	13673
S-24-POLPIL-B	Acidobacteriaceae	P_piliferum	Brown	35698
S-24-POLPIL-B	Baltobacteraceae	P_piliferum	Brown	10768
S-24-POLPIL-B	Beijerinckiaceae	P_piliferum	Brown	7806
S-24-POLPIL-B	Burkholderiaceae	P_piliferum	Brown	13600
S-24-POLPIL-B	Jatrophihabitantaceae	P_piliferum	Brown	1189
S-24-POLPIL-B	Nostocaceae	P_piliferum	Brown	51212
S-24-POLPIL-B	Solirubrobacteraceae	P_piliferum	Brown	794
S-24-POLPIL-B	Steroidobacteraceae	P_piliferum	Brown	17391
S-24-POLPIL-B	Streptosporangiaceae	P_piliferum	Brown	7068
S-24-POLPIL-G	Acetobacteraceae	P_piliferum	Green	16542
S-24-POLPIL-G	Acidobacteriaceae	P_piliferum	Green	21171
S-24-POLPIL-G	Baltobacteraceae	P_piliferum	Green	2600
S-24-POLPIL-G	Beijerinckiaceae	P_piliferum	Green	5138
S-24-POLPIL-G	Burkholderiaceae	P_piliferum	Green	6826
S-24-POLPIL-G	Jatrophihabitantaceae	P_piliferum	Green	871
S-24-POLPIL-G	Nostocaceae	P_piliferum	Green	14947
S-24-POLPIL-G	Solirubrobacteraceae	P_piliferum	Green	1624
S-24-POLPIL-G	Steroidobacteraceae	P_piliferum	Green	13843
S-24-POLPIL-G	Streptosporangiaceae	P_piliferum	Green	1595
S-25-POLJUN-B	Acetobacteraceae	P_juniperinum	Brown	6757
S-25-POLJUN-B	Acidobacteriaceae	P_juniperinum	Brown	16918
S-25-POLJUN-B	Baltobacteraceae	P_juniperinum	Brown	552
S-25-POLJUN-B	Beijerinckiaceae	P_juniperinum	Brown	6331
S-25-POLJUN-B	Burkholderiaceae	P_juniperinum	Brown	8887
S-25-POLJUN-B	Jatrophihabitantaceae	P_juniperinum	Brown	3757
S-25-POLJUN-B	Nostocaceae	P_juniperinum	Brown	175355
S-25-POLJUN-B	Solirubrobacteraceae	P_juniperinum	Brown	854
S-25-POLJUN-B	Steroidobacteraceae	P_juniperinum	Brown	13756
S-25-POLJUN-B	Streptosporangiaceae	P_juniperinum	Brown	2931
S-25-POLJUN-G	Acetobacteraceae	P_juniperinum	Green	5128
S-25-POLJUN-G	Acidobacteriaceae	P_juniperinum	Green	4333
S-25-POLJUN-G	Baltobacteraceae	P_juniperinum	Green	344
S-25-POLJUN-G	Beijerinckiaceae	P_juniperinum	Green	3790
S-25-POLJUN-G	Burkholderiaceae	P_juniperinum	Green	12459
S-25-POLJUN-G	Jatrophihabitantaceae	P_juniperinum	Green	1223
S-25-POLJUN-G	Nostocaceae	P_juniperinum	Green	27254
S-25-POLJUN-G	Solirubrobacteraceae	P_juniperinum	Green	481
S-25-POLJUN-G	Steroidobacteraceae	P_juniperinum	Green	2463
S-25-POLJUN-G	Streptosporangiaceae	P_juniperinum	Green	177
S-25-POLPIL-B	Acetobacteraceae	P_piliferum	Brown	33689
S-25-POLPIL-B	Acidobacteriaceae	P_piliferum	Brown	81793
S-25-POLPIL-B	Baltobacteraceae	P_piliferum	Brown	1376
S-25-POLPIL-B	Beijerinckiaceae	P_piliferum	Brown	10298
S-25-POLPIL-B	Burkholderiaceae	P_piliferum	Brown	4068
S-25-POLPIL-B	Jatrophihabitantaceae	P_piliferum	Brown	2016
S-25-POLPIL-B	Nostocaceae	P_piliferum	Brown	51642
S-25-POLPIL-B	Solirubrobacteraceae	P_piliferum	Brown	1380
S-25-POLPIL-B	Steroidobacteraceae	P_piliferum	Brown	8494
S-25-POLPIL-B	Streptosporangiaceae	P_piliferum	Brown	5401
S-25-POLPIL-G	Acetobacteraceae	P_piliferum	Green	20323
S-25-POLPIL-G	Acidobacteriaceae	P_piliferum	Green	36043
S-25-POLPIL-G	Baltobacteraceae	P_piliferum	Green	136
S-25-POLPIL-G	Beijerinckiaceae	P_piliferum	Green	6901
S-25-POLPIL-G	Burkholderiaceae	P_piliferum	Green	2312
S-25-POLPIL-G	Jatrophihabitantaceae	P_piliferum	Green	445
S-25-POLPIL-G	Nostocaceae	P_piliferum	Green	3353
S-25-POLPIL-G	Solirubrobacteraceae	P_piliferum	Green	770
S-25-POLPIL-G	Steroidobacteraceae	P_piliferum	Green	8750
S-25-POLPIL-G	Streptosporangiaceae	P_piliferum	Green	406
S-26-POLJUN-B	Acetobacteraceae	P_juniperinum	Brown	8876
S-26-POLJUN-B	Acidobacteriaceae	P_juniperinum	Brown	24939
S-26-POLJUN-B	Baltobacteraceae	P_juniperinum	Brown	494
S-26-POLJUN-B	Beijerinckiaceae	P_juniperinum	Brown	6890
S-26-POLJUN-B	Burkholderiaceae	P_juniperinum	Brown	12055
S-26-POLJUN-B	Jatrophihabitantaceae	P_juniperinum	Brown	2980
S-26-POLJUN-B	Nostocaceae	P_juniperinum	Brown	111475
S-26-POLJUN-B	Solirubrobacteraceae	P_juniperinum	Brown	417
S-26-POLJUN-B	Steroidobacteraceae	P_juniperinum	Brown	10600
S-26-POLJUN-B	Streptosporangiaceae	P_juniperinum	Brown	12456
S-26-POLJUN-G	Acetobacteraceae	P_juniperinum	Green	9478
S-26-POLJUN-G	Acidobacteriaceae	P_juniperinum	Green	7929
S-26-POLJUN-G	Baltobacteraceae	P_juniperinum	Green	450
S-26-POLJUN-G	Beijerinckiaceae	P_juniperinum	Green	6630
S-26-POLJUN-G	Burkholderiaceae	P_juniperinum	Green	18359
S-26-POLJUN-G	Jatrophihabitantaceae	P_juniperinum	Green	4055
S-26-POLJUN-G	Nostocaceae	P_juniperinum	Green	37383
S-26-POLJUN-G	Solirubrobacteraceae	P_juniperinum	Green	495
S-26-POLJUN-G	Steroidobacteraceae	P_juniperinum	Green	4337
S-26-POLJUN-G	Streptosporangiaceae	P_juniperinum	Green	1278
S-26-POLPIL-B	Acetobacteraceae	P_piliferum	Brown	18620
S-26-POLPIL-B	Acidobacteriaceae	P_piliferum	Brown	40437
S-26-POLPIL-B	Baltobacteraceae	P_piliferum	Brown	3960
S-26-POLPIL-B	Beijerinckiaceae	P_piliferum	Brown	6661
S-26-POLPIL-B	Burkholderiaceae	P_piliferum	Brown	4458
S-26-POLPIL-B	Jatrophihabitantaceae	P_piliferum	Brown	1059
S-26-POLPIL-B	Nostocaceae	P_piliferum	Brown	32111
S-26-POLPIL-B	Solirubrobacteraceae	P_piliferum	Brown	779
S-26-POLPIL-B	Steroidobacteraceae	P_piliferum	Brown	7719
S-26-POLPIL-B	Streptosporangiaceae	P_piliferum	Brown	30253
S-26-POLPIL-G	Acetobacteraceae	P_piliferum	Green	18909
S-26-POLPIL-G	Acidobacteriaceae	P_piliferum	Green	32215
S-26-POLPIL-G	Baltobacteraceae	P_piliferum	Green	404
S-26-POLPIL-G	Beijerinckiaceae	P_piliferum	Green	8444
S-26-POLPIL-G	Burkholderiaceae	P_piliferum	Green	2123
S-26-POLPIL-G	Jatrophihabitantaceae	P_piliferum	Green	400
S-26-POLPIL-G	Nostocaceae	P_piliferum	Green	3346
S-26-POLPIL-G	Solirubrobacteraceae	P_piliferum	Green	392
S-26-POLPIL-G	Steroidobacteraceae	P_piliferum	Green	16652
S-26-POLPIL-G	Streptosporangiaceae	P_piliferum	Green	1702
S-27-POLJUN-B	Acetobacteraceae	P_juniperinum	Brown	7523
S-27-POLJUN-B	Acidobacteriaceae	P_juniperinum	Brown	25007
S-27-POLJUN-B	Baltobacteraceae	P_juniperinum	Brown	629
S-27-POLJUN-B	Beijerinckiaceae	P_juniperinum	Brown	4842
S-27-POLJUN-B	Burkholderiaceae	P_juniperinum	Brown	9296
S-27-POLJUN-B	Jatrophihabitantaceae	P_juniperinum	Brown	2045
S-27-POLJUN-B	Nostocaceae	P_juniperinum	Brown	162385
S-27-POLJUN-B	Solirubrobacteraceae	P_juniperinum	Brown	246
S-27-POLJUN-B	Steroidobacteraceae	P_juniperinum	Brown	11370
S-27-POLJUN-B	Streptosporangiaceae	P_juniperinum	Brown	10118
S-27-POLPIL-B	Acetobacteraceae	P_piliferum	Brown	15197
S-27-POLPIL-B	Acidobacteriaceae	P_piliferum	Brown	29792
S-27-POLPIL-B	Baltobacteraceae	P_piliferum	Brown	463
S-27-POLPIL-B	Beijerinckiaceae	P_piliferum	Brown	7325
S-27-POLPIL-B	Burkholderiaceae	P_piliferum	Brown	2330
S-27-POLPIL-B	Jatrophihabitantaceae	P_piliferum	Brown	1303
S-27-POLPIL-B	Nostocaceae	P_piliferum	Brown	29777
S-27-POLPIL-B	Solirubrobacteraceae	P_piliferum	Brown	583
S-27-POLPIL-B	Steroidobacteraceae	P_piliferum	Brown	4908
S-27-POLPIL-B	Streptosporangiaceae	P_piliferum	Brown	12403
S-27-POLPIL-G	Acetobacteraceae	P_piliferum	Green	9921
S-27-POLPIL-G	Acidobacteriaceae	P_piliferum	Green	12746
S-27-POLPIL-G	Baltobacteraceae	P_piliferum	Green	0
S-27-POLPIL-G	Beijerinckiaceae	P_piliferum	Green	4138
S-27-POLPIL-G	Burkholderiaceae	P_piliferum	Green	531
S-27-POLPIL-G	Jatrophihabitantaceae	P_piliferum	Green	355
S-27-POLPIL-G	Nostocaceae	P_piliferum	Green	3321
S-27-POLPIL-G	Solirubrobacteraceae	P_piliferum	Green	229
S-27-POLPIL-G	Steroidobacteraceae	P_piliferum	Green	5156
S-27-POLPIL-G	Streptosporangiaceae	P_piliferum	Green	960
S-3-DICUND-B	Acetobacteraceae	D_undulatum	Brown	673
S-3-DICUND-B	Acidobacteriaceae	D_undulatum	Brown	3228
S-3-DICUND-B	Baltobacteraceae	D_undulatum	Brown	1117
S-3-DICUND-B	Beijerinckiaceae	D_undulatum	Brown	195
S-3-DICUND-B	Burkholderiaceae	D_undulatum	Brown	6963
S-3-DICUND-B	Jatrophihabitantaceae	D_undulatum	Brown	0
S-3-DICUND-B	Nostocaceae	D_undulatum	Brown	102
S-3-DICUND-B	Solirubrobacteraceae	D_undulatum	Brown	7790
S-3-DICUND-B	Steroidobacteraceae	D_undulatum	Brown	3193
S-3-DICUND-B	Streptosporangiaceae	D_undulatum	Brown	14316
S-3-DICUND-G	Acetobacteraceae	D_undulatum	Green	6488
S-3-DICUND-G	Acidobacteriaceae	D_undulatum	Green	27814
S-3-DICUND-G	Baltobacteraceae	D_undulatum	Green	2577
S-3-DICUND-G	Beijerinckiaceae	D_undulatum	Green	2299
S-3-DICUND-G	Burkholderiaceae	D_undulatum	Green	21420
S-3-DICUND-G	Jatrophihabitantaceae	D_undulatum	Green	853
S-3-DICUND-G	Nostocaceae	D_undulatum	Green	30970
S-3-DICUND-G	Solirubrobacteraceae	D_undulatum	Green	50888
S-3-DICUND-G	Steroidobacteraceae	D_undulatum	Green	1620
S-3-DICUND-G	Streptosporangiaceae	D_undulatum	Green	1447
S-3-POLCOM-B	Acetobacteraceae	P_commune	Brown	22024
S-3-POLCOM-B	Acidobacteriaceae	P_commune	Brown	23944
S-3-POLCOM-B	Baltobacteraceae	P_commune	Brown	36040
S-3-POLCOM-B	Beijerinckiaceae	P_commune	Brown	5762
S-3-POLCOM-B	Burkholderiaceae	P_commune	Brown	14812
S-3-POLCOM-B	Jatrophihabitantaceae	P_commune	Brown	414
S-3-POLCOM-B	Nostocaceae	P_commune	Brown	289
S-3-POLCOM-B	Solirubrobacteraceae	P_commune	Brown	2473
S-3-POLCOM-B	Steroidobacteraceae	P_commune	Brown	9023
S-3-POLCOM-B	Streptosporangiaceae	P_commune	Brown	1206
S-3-POLCOM-G	Acetobacteraceae	P_commune	Green	16036
S-3-POLCOM-G	Acidobacteriaceae	P_commune	Green	7903
S-3-POLCOM-G	Baltobacteraceae	P_commune	Green	23593
S-3-POLCOM-G	Beijerinckiaceae	P_commune	Green	8389
S-3-POLCOM-G	Burkholderiaceae	P_commune	Green	3445
S-3-POLCOM-G	Jatrophihabitantaceae	P_commune	Green	372
S-3-POLCOM-G	Nostocaceae	P_commune	Green	0
S-3-POLCOM-G	Solirubrobacteraceae	P_commune	Green	3381
S-3-POLCOM-G	Steroidobacteraceae	P_commune	Green	6106
S-3-POLCOM-G	Streptosporangiaceae	P_commune	Green	70
S-3-POLJUN-B	Acetobacteraceae	P_juniperinum	Brown	11576
S-3-POLJUN-B	Acidobacteriaceae	P_juniperinum	Brown	14564
S-3-POLJUN-B	Baltobacteraceae	P_juniperinum	Brown	1290
S-3-POLJUN-B	Beijerinckiaceae	P_juniperinum	Brown	6572
S-3-POLJUN-B	Burkholderiaceae	P_juniperinum	Brown	10211
S-3-POLJUN-B	Jatrophihabitantaceae	P_juniperinum	Brown	8354
S-3-POLJUN-B	Nostocaceae	P_juniperinum	Brown	1389
S-3-POLJUN-B	Solirubrobacteraceae	P_juniperinum	Brown	453
S-3-POLJUN-B	Steroidobacteraceae	P_juniperinum	Brown	8736
S-3-POLJUN-B	Streptosporangiaceae	P_juniperinum	Brown	90
S-3-POLJUN-G	Acetobacteraceae	P_juniperinum	Green	26009
S-3-POLJUN-G	Acidobacteriaceae	P_juniperinum	Green	8636
S-3-POLJUN-G	Baltobacteraceae	P_juniperinum	Green	5357
S-3-POLJUN-G	Beijerinckiaceae	P_juniperinum	Green	5423
S-3-POLJUN-G	Burkholderiaceae	P_juniperinum	Green	14889
S-3-POLJUN-G	Jatrophihabitantaceae	P_juniperinum	Green	5296
S-3-POLJUN-G	Nostocaceae	P_juniperinum	Green	180
S-3-POLJUN-G	Solirubrobacteraceae	P_juniperinum	Green	299
S-3-POLJUN-G	Steroidobacteraceae	P_juniperinum	Green	15249
S-3-POLJUN-G	Streptosporangiaceae	P_juniperinum	Green	0
S-3-POLPIL-B	Acetobacteraceae	P_piliferum	Brown	20753
S-3-POLPIL-B	Acidobacteriaceae	P_piliferum	Brown	102542
S-3-POLPIL-B	Baltobacteraceae	P_piliferum	Brown	2598
S-3-POLPIL-B	Beijerinckiaceae	P_piliferum	Brown	8570
S-3-POLPIL-B	Burkholderiaceae	P_piliferum	Brown	1963
S-3-POLPIL-B	Jatrophihabitantaceae	P_piliferum	Brown	813
S-3-POLPIL-B	Nostocaceae	P_piliferum	Brown	35750
S-3-POLPIL-B	Solirubrobacteraceae	P_piliferum	Brown	349
S-3-POLPIL-B	Steroidobacteraceae	P_piliferum	Brown	1074
S-3-POLPIL-B	Streptosporangiaceae	P_piliferum	Brown	1402
S-3-POLPIL-G	Acetobacteraceae	P_piliferum	Green	21984
S-3-POLPIL-G	Acidobacteriaceae	P_piliferum	Green	27455
S-3-POLPIL-G	Baltobacteraceae	P_piliferum	Green	362
S-3-POLPIL-G	Beijerinckiaceae	P_piliferum	Green	9352
S-3-POLPIL-G	Burkholderiaceae	P_piliferum	Green	1312
S-3-POLPIL-G	Jatrophihabitantaceae	P_piliferum	Green	609
S-3-POLPIL-G	Nostocaceae	P_piliferum	Green	7036
S-3-POLPIL-G	Solirubrobacteraceae	P_piliferum	Green	1085
S-3-POLPIL-G	Steroidobacteraceae	P_piliferum	Green	3390
S-3-POLPIL-G	Streptosporangiaceae	P_piliferum	Green	81
S-4-DICUND-B	Acetobacteraceae	D_undulatum	Brown	595
S-4-DICUND-B	Acidobacteriaceae	D_undulatum	Brown	1904
S-4-DICUND-B	Baltobacteraceae	D_undulatum	Brown	462
S-4-DICUND-B	Beijerinckiaceae	D_undulatum	Brown	155
S-4-DICUND-B	Burkholderiaceae	D_undulatum	Brown	1309
S-4-DICUND-B	Jatrophihabitantaceae	D_undulatum	Brown	0
S-4-DICUND-B	Nostocaceae	D_undulatum	Brown	398
S-4-DICUND-B	Solirubrobacteraceae	D_undulatum	Brown	1777
S-4-DICUND-B	Steroidobacteraceae	D_undulatum	Brown	11883
S-4-DICUND-B	Streptosporangiaceae	D_undulatum	Brown	10780
S-4-DICUND-G	Acetobacteraceae	D_undulatum	Green	3567
S-4-DICUND-G	Acidobacteriaceae	D_undulatum	Green	16316
S-4-DICUND-G	Baltobacteraceae	D_undulatum	Green	3973
S-4-DICUND-G	Beijerinckiaceae	D_undulatum	Green	1180
S-4-DICUND-G	Burkholderiaceae	D_undulatum	Green	1189
S-4-DICUND-G	Jatrophihabitantaceae	D_undulatum	Green	0
S-4-DICUND-G	Nostocaceae	D_undulatum	Green	19436
S-4-DICUND-G	Solirubrobacteraceae	D_undulatum	Green	26691
S-4-DICUND-G	Steroidobacteraceae	D_undulatum	Green	14561
S-4-DICUND-G	Streptosporangiaceae	D_undulatum	Green	1120
S-4-POLCOM-B	Acetobacteraceae	P_commune	Brown	15071
S-4-POLCOM-B	Acidobacteriaceae	P_commune	Brown	32732
S-4-POLCOM-B	Baltobacteraceae	P_commune	Brown	12609
S-4-POLCOM-B	Beijerinckiaceae	P_commune	Brown	2881
S-4-POLCOM-B	Burkholderiaceae	P_commune	Brown	17638
S-4-POLCOM-B	Jatrophihabitantaceae	P_commune	Brown	119
S-4-POLCOM-B	Nostocaceae	P_commune	Brown	1915
S-4-POLCOM-B	Solirubrobacteraceae	P_commune	Brown	7890
S-4-POLCOM-B	Steroidobacteraceae	P_commune	Brown	18529
S-4-POLCOM-B	Streptosporangiaceae	P_commune	Brown	5245
S-4-POLCOM-G	Acetobacteraceae	P_commune	Green	16058
S-4-POLCOM-G	Acidobacteriaceae	P_commune	Green	11407
S-4-POLCOM-G	Baltobacteraceae	P_commune	Green	26877
S-4-POLCOM-G	Beijerinckiaceae	P_commune	Green	7925
S-4-POLCOM-G	Burkholderiaceae	P_commune	Green	2762
S-4-POLCOM-G	Jatrophihabitantaceae	P_commune	Green	273
S-4-POLCOM-G	Nostocaceae	P_commune	Green	642
S-4-POLCOM-G	Solirubrobacteraceae	P_commune	Green	3619
S-4-POLCOM-G	Steroidobacteraceae	P_commune	Green	7921
S-4-POLCOM-G	Streptosporangiaceae	P_commune	Green	229
S-4-POLPIL-B	Acetobacteraceae	P_piliferum	Brown	16581
S-4-POLPIL-B	Acidobacteriaceae	P_piliferum	Brown	35403
S-4-POLPIL-B	Baltobacteraceae	P_piliferum	Brown	5794
S-4-POLPIL-B	Beijerinckiaceae	P_piliferum	Brown	3864
S-4-POLPIL-B	Burkholderiaceae	P_piliferum	Brown	30911
S-4-POLPIL-B	Jatrophihabitantaceae	P_piliferum	Brown	324
S-4-POLPIL-B	Nostocaceae	P_piliferum	Brown	428
S-4-POLPIL-B	Solirubrobacteraceae	P_piliferum	Brown	1048
S-4-POLPIL-B	Steroidobacteraceae	P_piliferum	Brown	56519
S-4-POLPIL-B	Streptosporangiaceae	P_piliferum	Brown	8530
S-4-POLPIL-G	Acetobacteraceae	P_piliferum	Green	6865
S-4-POLPIL-G	Acidobacteriaceae	P_piliferum	Green	15837
S-4-POLPIL-G	Baltobacteraceae	P_piliferum	Green	2517
S-4-POLPIL-G	Beijerinckiaceae	P_piliferum	Green	7985
S-4-POLPIL-G	Burkholderiaceae	P_piliferum	Green	1729
S-4-POLPIL-G	Jatrophihabitantaceae	P_piliferum	Green	0
S-4-POLPIL-G	Nostocaceae	P_piliferum	Green	0
S-4-POLPIL-G	Solirubrobacteraceae	P_piliferum	Green	524
S-4-POLPIL-G	Steroidobacteraceae	P_piliferum	Green	10448
S-4-POLPIL-G	Streptosporangiaceae	P_piliferum	Green	433
S-5-DICUND-B	Acetobacteraceae	D_undulatum	Brown	787
S-5-DICUND-B	Acidobacteriaceae	D_undulatum	Brown	3050
S-5-DICUND-B	Baltobacteraceae	D_undulatum	Brown	1880
S-5-DICUND-B	Beijerinckiaceae	D_undulatum	Brown	206
S-5-DICUND-B	Burkholderiaceae	D_undulatum	Brown	1465
S-5-DICUND-B	Jatrophihabitantaceae	D_undulatum	Brown	0
S-5-DICUND-B	Nostocaceae	D_undulatum	Brown	949
S-5-DICUND-B	Solirubrobacteraceae	D_undulatum	Brown	22944
S-5-DICUND-B	Steroidobacteraceae	D_undulatum	Brown	19909
S-5-DICUND-B	Streptosporangiaceae	D_undulatum	Brown	12718
S-5-DICUND-G	Acetobacteraceae	D_undulatum	Green	4650
S-5-DICUND-G	Acidobacteriaceae	D_undulatum	Green	24804
S-5-DICUND-G	Baltobacteraceae	D_undulatum	Green	5020
S-5-DICUND-G	Beijerinckiaceae	D_undulatum	Green	1515
S-5-DICUND-G	Burkholderiaceae	D_undulatum	Green	1031
S-5-DICUND-G	Jatrophihabitantaceae	D_undulatum	Green	0
S-5-DICUND-G	Nostocaceae	D_undulatum	Green	24275
S-5-DICUND-G	Solirubrobacteraceae	D_undulatum	Green	44989
S-5-DICUND-G	Steroidobacteraceae	D_undulatum	Green	3947
S-5-DICUND-G	Streptosporangiaceae	D_undulatum	Green	2724
S-5-POLCOM-B	Acetobacteraceae	P_commune	Brown	11069
S-5-POLCOM-B	Acidobacteriaceae	P_commune	Brown	15275
S-5-POLCOM-B	Baltobacteraceae	P_commune	Brown	9739
S-5-POLCOM-B	Beijerinckiaceae	P_commune	Brown	2256
S-5-POLCOM-B	Burkholderiaceae	P_commune	Brown	12588
S-5-POLCOM-B	Jatrophihabitantaceae	P_commune	Brown	0
S-5-POLCOM-B	Nostocaceae	P_commune	Brown	2465
S-5-POLCOM-B	Solirubrobacteraceae	P_commune	Brown	2826
S-5-POLCOM-B	Steroidobacteraceae	P_commune	Brown	16681
S-5-POLCOM-B	Streptosporangiaceae	P_commune	Brown	2733
S-5-POLCOM-G	Acetobacteraceae	P_commune	Green	12505
S-5-POLCOM-G	Acidobacteriaceae	P_commune	Green	9381
S-5-POLCOM-G	Baltobacteraceae	P_commune	Green	24318
S-5-POLCOM-G	Beijerinckiaceae	P_commune	Green	4749
S-5-POLCOM-G	Burkholderiaceae	P_commune	Green	8590
S-5-POLCOM-G	Jatrophihabitantaceae	P_commune	Green	85
S-5-POLCOM-G	Nostocaceae	P_commune	Green	100
S-5-POLCOM-G	Solirubrobacteraceae	P_commune	Green	3747
S-5-POLCOM-G	Steroidobacteraceae	P_commune	Green	6593
S-5-POLCOM-G	Streptosporangiaceae	P_commune	Green	688
S-5-POLPIL-B	Acetobacteraceae	P_piliferum	Brown	13653
S-5-POLPIL-B	Acidobacteriaceae	P_piliferum	Brown	20298
S-5-POLPIL-B	Baltobacteraceae	P_piliferum	Brown	2786
S-5-POLPIL-B	Beijerinckiaceae	P_piliferum	Brown	3577
S-5-POLPIL-B	Burkholderiaceae	P_piliferum	Brown	7168
S-5-POLPIL-B	Jatrophihabitantaceae	P_piliferum	Brown	491
S-5-POLPIL-B	Nostocaceae	P_piliferum	Brown	1944
S-5-POLPIL-B	Solirubrobacteraceae	P_piliferum	Brown	1107
S-5-POLPIL-B	Steroidobacteraceae	P_piliferum	Brown	29342
S-5-POLPIL-B	Streptosporangiaceae	P_piliferum	Brown	3140
S-5-POLPIL-G	Acetobacteraceae	P_piliferum	Green	13714
S-5-POLPIL-G	Acidobacteriaceae	P_piliferum	Green	29329
S-5-POLPIL-G	Baltobacteraceae	P_piliferum	Green	4796
S-5-POLPIL-G	Beijerinckiaceae	P_piliferum	Green	18274
S-5-POLPIL-G	Burkholderiaceae	P_piliferum	Green	3059
S-5-POLPIL-G	Jatrophihabitantaceae	P_piliferum	Green	95
S-5-POLPIL-G	Nostocaceae	P_piliferum	Green	189
S-5-POLPIL-G	Solirubrobacteraceae	P_piliferum	Green	1369
S-5-POLPIL-G	Steroidobacteraceae	P_piliferum	Green	12180
S-5-POLPIL-G	Streptosporangiaceae	P_piliferum	Green	269
S-6-DICUND-B	Acetobacteraceae	D_undulatum	Brown	948
S-6-DICUND-B	Acidobacteriaceae	D_undulatum	Brown	4832
S-6-DICUND-B	Baltobacteraceae	D_undulatum	Brown	1906
S-6-DICUND-B	Beijerinckiaceae	D_undulatum	Brown	323
S-6-DICUND-B	Burkholderiaceae	D_undulatum	Brown	3153
S-6-DICUND-B	Jatrophihabitantaceae	D_undulatum	Brown	0
S-6-DICUND-B	Nostocaceae	D_undulatum	Brown	300
S-6-DICUND-B	Solirubrobacteraceae	D_undulatum	Brown	9055
S-6-DICUND-B	Steroidobacteraceae	D_undulatum	Brown	11404
S-6-DICUND-B	Streptosporangiaceae	D_undulatum	Brown	28842
S-6-DICUND-G	Acetobacteraceae	D_undulatum	Green	6577
S-6-DICUND-G	Acidobacteriaceae	D_undulatum	Green	31807
S-6-DICUND-G	Baltobacteraceae	D_undulatum	Green	3576
S-6-DICUND-G	Beijerinckiaceae	D_undulatum	Green	1833
S-6-DICUND-G	Burkholderiaceae	D_undulatum	Green	1372
S-6-DICUND-G	Jatrophihabitantaceae	D_undulatum	Green	98
S-6-DICUND-G	Nostocaceae	D_undulatum	Green	30663
S-6-DICUND-G	Solirubrobacteraceae	D_undulatum	Green	43771
S-6-DICUND-G	Steroidobacteraceae	D_undulatum	Green	3346
S-6-DICUND-G	Streptosporangiaceae	D_undulatum	Green	961
S-6-POLCOM-B	Acetobacteraceae	P_commune	Brown	35414
S-6-POLCOM-B	Acidobacteriaceae	P_commune	Brown	58021
S-6-POLCOM-B	Baltobacteraceae	P_commune	Brown	26802
S-6-POLCOM-B	Beijerinckiaceae	P_commune	Brown	8410
S-6-POLCOM-B	Burkholderiaceae	P_commune	Brown	6477
S-6-POLCOM-B	Jatrophihabitantaceae	P_commune	Brown	360
S-6-POLCOM-B	Nostocaceae	P_commune	Brown	1468
S-6-POLCOM-B	Solirubrobacteraceae	P_commune	Brown	11642
S-6-POLCOM-B	Steroidobacteraceae	P_commune	Brown	28061
S-6-POLCOM-B	Streptosporangiaceae	P_commune	Brown	4639
S-6-POLCOM-G	Acetobacteraceae	P_commune	Green	36565
S-6-POLCOM-G	Acidobacteriaceae	P_commune	Green	31267
S-6-POLCOM-G	Baltobacteraceae	P_commune	Green	33527
S-6-POLCOM-G	Beijerinckiaceae	P_commune	Green	19126
S-6-POLCOM-G	Burkholderiaceae	P_commune	Green	7211
S-6-POLCOM-G	Jatrophihabitantaceae	P_commune	Green	431
S-6-POLCOM-G	Nostocaceae	P_commune	Green	204
S-6-POLCOM-G	Solirubrobacteraceae	P_commune	Green	5112
S-6-POLCOM-G	Steroidobacteraceae	P_commune	Green	13923
S-6-POLCOM-G	Streptosporangiaceae	P_commune	Green	428
S-6-POLPIL-B	Acetobacteraceae	P_piliferum	Brown	9803
S-6-POLPIL-B	Acidobacteriaceae	P_piliferum	Brown	21396
S-6-POLPIL-B	Baltobacteraceae	P_piliferum	Brown	961
S-6-POLPIL-B	Beijerinckiaceae	P_piliferum	Brown	1603
S-6-POLPIL-B	Burkholderiaceae	P_piliferum	Brown	12540
S-6-POLPIL-B	Jatrophihabitantaceae	P_piliferum	Brown	100
S-6-POLPIL-B	Nostocaceae	P_piliferum	Brown	512
S-6-POLPIL-B	Solirubrobacteraceae	P_piliferum	Brown	472
S-6-POLPIL-B	Steroidobacteraceae	P_piliferum	Brown	28027
S-6-POLPIL-B	Streptosporangiaceae	P_piliferum	Brown	3321
S-6-POLPIL-G	Acetobacteraceae	P_piliferum	Green	11307
S-6-POLPIL-G	Acidobacteriaceae	P_piliferum	Green	35153
S-6-POLPIL-G	Baltobacteraceae	P_piliferum	Green	1561
S-6-POLPIL-G	Beijerinckiaceae	P_piliferum	Green	18887
S-6-POLPIL-G	Burkholderiaceae	P_piliferum	Green	5227
S-6-POLPIL-G	Jatrophihabitantaceae	P_piliferum	Green	132
S-6-POLPIL-G	Nostocaceae	P_piliferum	Green	0
S-6-POLPIL-G	Solirubrobacteraceae	P_piliferum	Green	1156
S-6-POLPIL-G	Steroidobacteraceae	P_piliferum	Green	11623
S-6-POLPIL-G	Streptosporangiaceae	P_piliferum	Green	561
S-7-DICUND-B	Acetobacteraceae	D_undulatum	Brown	2200
S-7-DICUND-B	Acidobacteriaceae	D_undulatum	Brown	14244
S-7-DICUND-B	Baltobacteraceae	D_undulatum	Brown	942
S-7-DICUND-B	Beijerinckiaceae	D_undulatum	Brown	1135
S-7-DICUND-B	Burkholderiaceae	D_undulatum	Brown	1814
S-7-DICUND-B	Jatrophihabitantaceae	D_undulatum	Brown	0
S-7-DICUND-B	Nostocaceae	D_undulatum	Brown	21328
S-7-DICUND-B	Solirubrobacteraceae	D_undulatum	Brown	15945
S-7-DICUND-B	Steroidobacteraceae	D_undulatum	Brown	5371
S-7-DICUND-B	Streptosporangiaceae	D_undulatum	Brown	3380
S-7-DICUND-G	Acetobacteraceae	D_undulatum	Green	355
S-7-DICUND-G	Acidobacteriaceae	D_undulatum	Green	2759
S-7-DICUND-G	Baltobacteraceae	D_undulatum	Green	2368
S-7-DICUND-G	Beijerinckiaceae	D_undulatum	Green	207
S-7-DICUND-G	Burkholderiaceae	D_undulatum	Green	2328
S-7-DICUND-G	Jatrophihabitantaceae	D_undulatum	Green	0
S-7-DICUND-G	Nostocaceae	D_undulatum	Green	75
S-7-DICUND-G	Solirubrobacteraceae	D_undulatum	Green	8666
S-7-DICUND-G	Steroidobacteraceae	D_undulatum	Green	8027
S-7-DICUND-G	Streptosporangiaceae	D_undulatum	Green	37771
S-7-POLCOM-B	Acetobacteraceae	P_commune	Brown	19793
S-7-POLCOM-B	Acidobacteriaceae	P_commune	Brown	25065
S-7-POLCOM-B	Baltobacteraceae	P_commune	Brown	17693
S-7-POLCOM-B	Beijerinckiaceae	P_commune	Brown	4128
S-7-POLCOM-B	Burkholderiaceae	P_commune	Brown	4208
S-7-POLCOM-B	Jatrophihabitantaceae	P_commune	Brown	128
S-7-POLCOM-B	Nostocaceae	P_commune	Brown	0
S-7-POLCOM-B	Solirubrobacteraceae	P_commune	Brown	7355
S-7-POLCOM-B	Steroidobacteraceae	P_commune	Brown	19929
S-7-POLCOM-B	Streptosporangiaceae	P_commune	Brown	9169
S-7-POLCOM-G	Acetobacteraceae	P_commune	Green	36244
S-7-POLCOM-G	Acidobacteriaceae	P_commune	Green	25574
S-7-POLCOM-G	Baltobacteraceae	P_commune	Green	42615
S-7-POLCOM-G	Beijerinckiaceae	P_commune	Green	26089
S-7-POLCOM-G	Burkholderiaceae	P_commune	Green	16771
S-7-POLCOM-G	Jatrophihabitantaceae	P_commune	Green	370
S-7-POLCOM-G	Nostocaceae	P_commune	Green	0
S-7-POLCOM-G	Solirubrobacteraceae	P_commune	Green	22111
S-7-POLCOM-G	Steroidobacteraceae	P_commune	Green	36279
S-7-POLCOM-G	Streptosporangiaceae	P_commune	Green	645
S-7-POLJUN-B	Acetobacteraceae	P_juniperinum	Brown	15599
S-7-POLJUN-B	Acidobacteriaceae	P_juniperinum	Brown	58649
S-7-POLJUN-B	Baltobacteraceae	P_juniperinum	Brown	93
S-7-POLJUN-B	Beijerinckiaceae	P_juniperinum	Brown	17310
S-7-POLJUN-B	Burkholderiaceae	P_juniperinum	Brown	14978
S-7-POLJUN-B	Jatrophihabitantaceae	P_juniperinum	Brown	23836
S-7-POLJUN-B	Nostocaceae	P_juniperinum	Brown	7261
S-7-POLJUN-B	Solirubrobacteraceae	P_juniperinum	Brown	574
S-7-POLJUN-B	Steroidobacteraceae	P_juniperinum	Brown	36628
S-7-POLJUN-B	Streptosporangiaceae	P_juniperinum	Brown	0
S-7-POLJUN-G	Acetobacteraceae	P_juniperinum	Green	8934
S-7-POLJUN-G	Acidobacteriaceae	P_juniperinum	Green	6735
S-7-POLJUN-G	Baltobacteraceae	P_juniperinum	Green	0
S-7-POLJUN-G	Beijerinckiaceae	P_juniperinum	Green	8783
S-7-POLJUN-G	Burkholderiaceae	P_juniperinum	Green	11208
S-7-POLJUN-G	Jatrophihabitantaceae	P_juniperinum	Green	8204
S-7-POLJUN-G	Nostocaceae	P_juniperinum	Green	1097
S-7-POLJUN-G	Solirubrobacteraceae	P_juniperinum	Green	0
S-7-POLJUN-G	Steroidobacteraceae	P_juniperinum	Green	7907
S-7-POLJUN-G	Streptosporangiaceae	P_juniperinum	Green	0
S-7-POLPIL-B	Acetobacteraceae	P_piliferum	Brown	15847
S-7-POLPIL-B	Acidobacteriaceae	P_piliferum	Brown	51519
S-7-POLPIL-B	Baltobacteraceae	P_piliferum	Brown	498
S-7-POLPIL-B	Beijerinckiaceae	P_piliferum	Brown	6746
S-7-POLPIL-B	Burkholderiaceae	P_piliferum	Brown	1485
S-7-POLPIL-B	Jatrophihabitantaceae	P_piliferum	Brown	0
S-7-POLPIL-B	Nostocaceae	P_piliferum	Brown	18916
S-7-POLPIL-B	Solirubrobacteraceae	P_piliferum	Brown	879
S-7-POLPIL-B	Steroidobacteraceae	P_piliferum	Brown	15669
S-7-POLPIL-B	Streptosporangiaceae	P_piliferum	Brown	5898
S-7-POLPIL-G	Acetobacteraceae	P_piliferum	Green	10155
S-7-POLPIL-G	Acidobacteriaceae	P_piliferum	Green	17158
S-7-POLPIL-G	Baltobacteraceae	P_piliferum	Green	0
S-7-POLPIL-G	Beijerinckiaceae	P_piliferum	Green	10756
S-7-POLPIL-G	Burkholderiaceae	P_piliferum	Green	758
S-7-POLPIL-G	Jatrophihabitantaceae	P_piliferum	Green	0
S-7-POLPIL-G	Nostocaceae	P_piliferum	Green	3003
S-7-POLPIL-G	Solirubrobacteraceae	P_piliferum	Green	732
S-7-POLPIL-G	Steroidobacteraceae	P_piliferum	Green	6524
S-7-POLPIL-G	Streptosporangiaceae	P_piliferum	Green	345
S-8-DICUND-B	Acetobacteraceae	D_undulatum	Brown	361
S-8-DICUND-B	Acidobacteriaceae	D_undulatum	Brown	2986
S-8-DICUND-B	Baltobacteraceae	D_undulatum	Brown	466
S-8-DICUND-B	Beijerinckiaceae	D_undulatum	Brown	108
S-8-DICUND-B	Burkholderiaceae	D_undulatum	Brown	2144
S-8-DICUND-B	Jatrophihabitantaceae	D_undulatum	Brown	0
S-8-DICUND-B	Nostocaceae	D_undulatum	Brown	144
S-8-DICUND-B	Solirubrobacteraceae	D_undulatum	Brown	5216
S-8-DICUND-B	Steroidobacteraceae	D_undulatum	Brown	7995
S-8-DICUND-B	Streptosporangiaceae	D_undulatum	Brown	53173
S-8-DICUND-G	Acetobacteraceae	D_undulatum	Green	1802
S-8-DICUND-G	Acidobacteriaceae	D_undulatum	Green	8552
S-8-DICUND-G	Baltobacteraceae	D_undulatum	Green	745
S-8-DICUND-G	Beijerinckiaceae	D_undulatum	Green	698
S-8-DICUND-G	Burkholderiaceae	D_undulatum	Green	1480
S-8-DICUND-G	Jatrophihabitantaceae	D_undulatum	Green	0
S-8-DICUND-G	Nostocaceae	D_undulatum	Green	27649
S-8-DICUND-G	Solirubrobacteraceae	D_undulatum	Green	9093
S-8-DICUND-G	Steroidobacteraceae	D_undulatum	Green	5219
S-8-DICUND-G	Streptosporangiaceae	D_undulatum	Green	9701
S-8-POLCOM-B	Acetobacteraceae	P_commune	Brown	23211
S-8-POLCOM-B	Acidobacteriaceae	P_commune	Brown	41799
S-8-POLCOM-B	Baltobacteraceae	P_commune	Brown	34072
S-8-POLCOM-B	Beijerinckiaceae	P_commune	Brown	4478
S-8-POLCOM-B	Burkholderiaceae	P_commune	Brown	9218
S-8-POLCOM-B	Jatrophihabitantaceae	P_commune	Brown	516
S-8-POLCOM-B	Nostocaceae	P_commune	Brown	9773
S-8-POLCOM-B	Solirubrobacteraceae	P_commune	Brown	11906
S-8-POLCOM-B	Steroidobacteraceae	P_commune	Brown	26000
S-8-POLCOM-B	Streptosporangiaceae	P_commune	Brown	22385
S-8-POLCOM-G	Acetobacteraceae	P_commune	Green	26842
S-8-POLCOM-G	Acidobacteriaceae	P_commune	Green	19361
S-8-POLCOM-G	Baltobacteraceae	P_commune	Green	54768
S-8-POLCOM-G	Beijerinckiaceae	P_commune	Green	14289
S-8-POLCOM-G	Burkholderiaceae	P_commune	Green	30005
S-8-POLCOM-G	Jatrophihabitantaceae	P_commune	Green	1291
S-8-POLCOM-G	Nostocaceae	P_commune	Green	69
S-8-POLCOM-G	Solirubrobacteraceae	P_commune	Green	26043
S-8-POLCOM-G	Steroidobacteraceae	P_commune	Green	15909
S-8-POLCOM-G	Streptosporangiaceae	P_commune	Green	1461
S-8-POLJUN-B	Acetobacteraceae	P_juniperinum	Brown	18472
S-8-POLJUN-B	Acidobacteriaceae	P_juniperinum	Brown	88852
S-8-POLJUN-B	Baltobacteraceae	P_juniperinum	Brown	112
S-8-POLJUN-B	Beijerinckiaceae	P_juniperinum	Brown	19898
S-8-POLJUN-B	Burkholderiaceae	P_juniperinum	Brown	14205
S-8-POLJUN-B	Jatrophihabitantaceae	P_juniperinum	Brown	11604
S-8-POLJUN-B	Nostocaceae	P_juniperinum	Brown	22084
S-8-POLJUN-B	Solirubrobacteraceae	P_juniperinum	Brown	296
S-8-POLJUN-B	Steroidobacteraceae	P_juniperinum	Brown	18037
S-8-POLJUN-B	Streptosporangiaceae	P_juniperinum	Brown	0
S-8-POLJUN-G	Acetobacteraceae	P_juniperinum	Green	7735
S-8-POLJUN-G	Acidobacteriaceae	P_juniperinum	Green	9851
S-8-POLJUN-G	Baltobacteraceae	P_juniperinum	Green	0
S-8-POLJUN-G	Beijerinckiaceae	P_juniperinum	Green	12234
S-8-POLJUN-G	Burkholderiaceae	P_juniperinum	Green	12074
S-8-POLJUN-G	Jatrophihabitantaceae	P_juniperinum	Green	5260
S-8-POLJUN-G	Nostocaceae	P_juniperinum	Green	6642
S-8-POLJUN-G	Solirubrobacteraceae	P_juniperinum	Green	0
S-8-POLJUN-G	Steroidobacteraceae	P_juniperinum	Green	8433
S-8-POLJUN-G	Streptosporangiaceae	P_juniperinum	Green	0
S-8-POLPIL-B	Acetobacteraceae	P_piliferum	Brown	18914
S-8-POLPIL-B	Acidobacteriaceae	P_piliferum	Brown	47139
S-8-POLPIL-B	Baltobacteraceae	P_piliferum	Brown	7881
S-8-POLPIL-B	Beijerinckiaceae	P_piliferum	Brown	7030
S-8-POLPIL-B	Burkholderiaceae	P_piliferum	Brown	1970
S-8-POLPIL-B	Jatrophihabitantaceae	P_piliferum	Brown	0
S-8-POLPIL-B	Nostocaceae	P_piliferum	Brown	7365
S-8-POLPIL-B	Solirubrobacteraceae	P_piliferum	Brown	824
S-8-POLPIL-B	Steroidobacteraceae	P_piliferum	Brown	16968
S-8-POLPIL-B	Streptosporangiaceae	P_piliferum	Brown	5667
S-8-POLPIL-G	Acetobacteraceae	P_piliferum	Green	4722
S-8-POLPIL-G	Acidobacteriaceae	P_piliferum	Green	8411
S-8-POLPIL-G	Baltobacteraceae	P_piliferum	Green	166
S-8-POLPIL-G	Beijerinckiaceae	P_piliferum	Green	4107
S-8-POLPIL-G	Burkholderiaceae	P_piliferum	Green	545
S-8-POLPIL-G	Jatrophihabitantaceae	P_piliferum	Green	0
S-8-POLPIL-G	Nostocaceae	P_piliferum	Green	1318
S-8-POLPIL-G	Solirubrobacteraceae	P_piliferum	Green	274
S-8-POLPIL-G	Steroidobacteraceae	P_piliferum	Green	3502
S-8-POLPIL-G	Streptosporangiaceae	P_piliferum	Green	171
S-9-DICUND-B	Acetobacteraceae	D_undulatum	Brown	299
S-9-DICUND-B	Acidobacteriaceae	D_undulatum	Brown	1342
S-9-DICUND-B	Baltobacteraceae	D_undulatum	Brown	828
S-9-DICUND-B	Beijerinckiaceae	D_undulatum	Brown	199
S-9-DICUND-B	Burkholderiaceae	D_undulatum	Brown	585
S-9-DICUND-B	Jatrophihabitantaceae	D_undulatum	Brown	0
S-9-DICUND-B	Nostocaceae	D_undulatum	Brown	153
S-9-DICUND-B	Solirubrobacteraceae	D_undulatum	Brown	7122
S-9-DICUND-B	Steroidobacteraceae	D_undulatum	Brown	3280
S-9-DICUND-B	Streptosporangiaceae	D_undulatum	Brown	47206
S-9-DICUND-G	Acetobacteraceae	D_undulatum	Green	5788
S-9-DICUND-G	Acidobacteriaceae	D_undulatum	Green	19909
S-9-DICUND-G	Baltobacteraceae	D_undulatum	Green	2185
S-9-DICUND-G	Beijerinckiaceae	D_undulatum	Green	1904
S-9-DICUND-G	Burkholderiaceae	D_undulatum	Green	1276
S-9-DICUND-G	Jatrophihabitantaceae	D_undulatum	Green	0
S-9-DICUND-G	Nostocaceae	D_undulatum	Green	49108
S-9-DICUND-G	Solirubrobacteraceae	D_undulatum	Green	20807
S-9-DICUND-G	Steroidobacteraceae	D_undulatum	Green	2968
S-9-DICUND-G	Streptosporangiaceae	D_undulatum	Green	3293
S-9-POLCOM-B	Acetobacteraceae	P_commune	Brown	42454
S-9-POLCOM-B	Acidobacteriaceae	P_commune	Brown	56414
S-9-POLCOM-B	Baltobacteraceae	P_commune	Brown	44879
S-9-POLCOM-B	Beijerinckiaceae	P_commune	Brown	9093
S-9-POLCOM-B	Burkholderiaceae	P_commune	Brown	14893
S-9-POLCOM-B	Jatrophihabitantaceae	P_commune	Brown	279
S-9-POLCOM-B	Nostocaceae	P_commune	Brown	3750
S-9-POLCOM-B	Solirubrobacteraceae	P_commune	Brown	21281
S-9-POLCOM-B	Steroidobacteraceae	P_commune	Brown	38176
S-9-POLCOM-B	Streptosporangiaceae	P_commune	Brown	12320
S-9-POLCOM-G	Acetobacteraceae	P_commune	Green	21870
S-9-POLCOM-G	Acidobacteriaceae	P_commune	Green	23371
S-9-POLCOM-G	Baltobacteraceae	P_commune	Green	26193
S-9-POLCOM-G	Beijerinckiaceae	P_commune	Green	17006
S-9-POLCOM-G	Burkholderiaceae	P_commune	Green	20636
S-9-POLCOM-G	Jatrophihabitantaceae	P_commune	Green	881
S-9-POLCOM-G	Nostocaceae	P_commune	Green	0
S-9-POLCOM-G	Solirubrobacteraceae	P_commune	Green	21955
S-9-POLCOM-G	Steroidobacteraceae	P_commune	Green	17387
S-9-POLCOM-G	Streptosporangiaceae	P_commune	Green	658
S-9-POLJUN-B	Acetobacteraceae	P_juniperinum	Brown	10721
S-9-POLJUN-B	Acidobacteriaceae	P_juniperinum	Brown	57415
S-9-POLJUN-B	Baltobacteraceae	P_juniperinum	Brown	71
S-9-POLJUN-B	Beijerinckiaceae	P_juniperinum	Brown	19914
S-9-POLJUN-B	Burkholderiaceae	P_juniperinum	Brown	11330
S-9-POLJUN-B	Jatrophihabitantaceae	P_juniperinum	Brown	19425
S-9-POLJUN-B	Nostocaceae	P_juniperinum	Brown	13349
S-9-POLJUN-B	Solirubrobacteraceae	P_juniperinum	Brown	400
S-9-POLJUN-B	Steroidobacteraceae	P_juniperinum	Brown	18406
S-9-POLJUN-B	Streptosporangiaceae	P_juniperinum	Brown	0
S-9-POLJUN-G	Acetobacteraceae	P_juniperinum	Green	10702
S-9-POLJUN-G	Acidobacteriaceae	P_juniperinum	Green	18162
S-9-POLJUN-G	Baltobacteraceae	P_juniperinum	Green	0
S-9-POLJUN-G	Beijerinckiaceae	P_juniperinum	Green	9839
S-9-POLJUN-G	Burkholderiaceae	P_juniperinum	Green	20393
S-9-POLJUN-G	Jatrophihabitantaceae	P_juniperinum	Green	15501
S-9-POLJUN-G	Nostocaceae	P_juniperinum	Green	4643
S-9-POLJUN-G	Solirubrobacteraceae	P_juniperinum	Green	95
S-9-POLJUN-G	Steroidobacteraceae	P_juniperinum	Green	26705
S-9-POLJUN-G	Streptosporangiaceae	P_juniperinum	Green	0
S-9-POLPIL-B	Acetobacteraceae	P_piliferum	Brown	19436
S-9-POLPIL-B	Acidobacteriaceae	P_piliferum	Brown	40747
S-9-POLPIL-B	Baltobacteraceae	P_piliferum	Brown	600
S-9-POLPIL-B	Beijerinckiaceae	P_piliferum	Brown	6198
S-9-POLPIL-B	Burkholderiaceae	P_piliferum	Brown	732
S-9-POLPIL-B	Jatrophihabitantaceae	P_piliferum	Brown	0
S-9-POLPIL-B	Nostocaceae	P_piliferum	Brown	23981
S-9-POLPIL-B	Solirubrobacteraceae	P_piliferum	Brown	639
S-9-POLPIL-B	Steroidobacteraceae	P_piliferum	Brown	16869
S-9-POLPIL-B	Streptosporangiaceae	P_piliferum	Brown	1253
S-9-POLPIL-G	Acetobacteraceae	P_piliferum	Green	7303
S-9-POLPIL-G	Acidobacteriaceae	P_piliferum	Green	10868
S-9-POLPIL-G	Baltobacteraceae	P_piliferum	Green	0
S-9-POLPIL-G	Beijerinckiaceae	P_piliferum	Green	4359
S-9-POLPIL-G	Burkholderiaceae	P_piliferum	Green	763
S-9-POLPIL-G	Jatrophihabitantaceae	P_piliferum	Green	0
S-9-POLPIL-G	Nostocaceae	P_piliferum	Green	8265
S-9-POLPIL-G	Solirubrobacteraceae	P_piliferum	Green	200
S-9-POLPIL-G	Steroidobacteraceae	P_piliferum	Green	5635
S-9-POLPIL-G	Streptosporangiaceae	P_piliferum	Green	134
